                -- Stonetalon --
                
        -- Adding 2 Stonetalon Moutains Quests --
INSERT INTO `reforged_mangos`.`quest_template` (`entry`, `patch`, `Method`, `ZoneOrSort`, `MinLevel`, `MaxLevel`, `QuestLevel`, `Type`, `RequiredClasses`, `RequiredRaces`, `RequiredSkill`, `RequiredSkillValue`, `RepObjectiveFaction`, `RepObjectiveValue`, `RequiredMinRepFaction`, `RequiredMinRepValue`, `RequiredMaxRepFaction`, `RequiredMaxRepValue`, `SuggestedPlayers`, `LimitTime`, `QuestFlags`, `SpecialFlags`, `PrevQuestId`, `NextQuestId`, `ExclusiveGroup`, `NextQuestInChain`, `SrcItemId`, `SrcItemCount`, `SrcSpell`, `Title`, `Details`, `Objectives`, `OfferRewardText`, `RequestItemsText`, `EndText`, `ReqItemId1`, `ReqItemId2`, `ReqItemId3`, `ReqItemId4`, `ReqItemCount1`, `ReqItemCount2`, `ReqItemCount3`, `ReqItemCount4`, `ReqSourceId1`, `ReqSourceId2`, `ReqSourceId3`, `ReqSourceId4`, `ReqSourceCount1`, `ReqSourceCount2`, `ReqSourceCount3`, `ReqSourceCount4`, `ReqCreatureOrGOId1`, `ReqCreatureOrGOId2`, `ReqCreatureOrGOId3`, `ReqCreatureOrGOId4`, `ReqCreatureOrGOCount1`, `ReqCreatureOrGOCount2`, `ReqCreatureOrGOCount3`, `ReqCreatureOrGOCount4`, `ReqSpellCast1`, `ReqSpellCast2`, `ReqSpellCast3`, `ReqSpellCast4`, `RewChoiceItemId1`, `RewChoiceItemId2`, `RewChoiceItemId3`, `RewChoiceItemId4`, `RewChoiceItemId5`, `RewChoiceItemId6`, `RewChoiceItemCount1`, `RewChoiceItemCount2`, `RewChoiceItemCount3`, `RewChoiceItemCount4`, `RewChoiceItemCount5`, `RewChoiceItemCount6`, `RewItemId1`, `RewItemId2`, `RewItemId3`, `RewItemId4`, `RewItemCount1`, `RewItemCount2`, `RewItemCount3`, `RewItemCount4`, `RewRepFaction1`, `RewRepFaction2`, `RewRepFaction3`, `RewRepFaction4`, `RewRepFaction5`, `RewRepValue1`, `RewRepValue2`, `RewRepValue3`, `RewRepValue4`, `RewRepValue5`, `RewXP`, `RewOrReqMoney`, `RewMoneyMaxLevel`, `RewSpell`, `RewSpellCast`, `RewMailTemplateId`, `RewMailDelaySecs`, `RewMailMoney`, `PointMapId`, `PointX`, `PointY`, `PointOpt`, `DetailsEmote1`, `DetailsEmote2`, `DetailsEmote3`, `DetailsEmote4`, `DetailsEmoteDelay1`, `DetailsEmoteDelay2`, `DetailsEmoteDelay3`, `DetailsEmoteDelay4`, `IncompleteEmote`, `CompleteEmote`, `OfferRewardEmote1`, `OfferRewardEmote2`, `OfferRewardEmote3`, `OfferRewardEmote4`, `OfferRewardEmoteDelay1`, `OfferRewardEmoteDelay2`, `OfferRewardEmoteDelay3`, `OfferRewardEmoteDelay4`, `StartScript`, `CompleteScript`) VALUES ('51001', '0', '2', '406', '3', '0', '4', '0', '0', '77', '0', '0', '0', '0', '0', '0', '0', '0', '0', '0', '8', '0', '0', '0', '0', '51002', '0', '0', '0', 'The peak\'s fauna', 'Our forces are struggling against the continuous assaults of the Horde.$b$bThis place needs to remain a place of peace where every keepers and dryads can be at one with the emerald dream. But for now this land became more and more filled with corruption, the creatures that wander here are even agressive over our treants.$b$bIt ashamed me, but you need to get rid of both the Twilight runners and the Sap beasts.$b$bGo $n  this land needs to be restaured as it once was...', 'Keeper Albagorm on Stonetalon Peak wants you to slay 5 Sap Beast, 3 Corossive Sap Beast and 5 Twilight Runner.', 'This had to be done, the corruption of this land will never stop if we do not prevent his exploitation.', 'There is much work to be done before the Charred Vale can be restored to the lush forest it once was.$B$BClear the area of those foul menaces, $N! Only then can we begin to reclaim what belongs to nature.', 'Well done', '0', '0', '0', '0', '0', '0', '0', '0', '0', '0', '0', '0', '0', '0', '0', '0', '4020', '4021', '4067', '0', '5', '3', '5', '0', '0', '0', '0', '0', '0', '0', '0', '0', '0', '0', '0', '0', '0', '0', '0', '0', '0', '0', '0', '0', '0', '0', '0', '0', '69', '0', '0', '0', '0', '100', '0', '0', '0', '0', '1600', '0', '1350', '0', '0', '0', '0', '0', '0', '0', '0', '0', '0', '0', '0', '0', '0', '0', '0', '0', '0', '0', '0', '0', '0', '0', '0', '0', '0', '0', '0', '0');
INSERT INTO `reforged_mangos`.`quest_template` (`entry`, `patch`, `Method`, `ZoneOrSort`, `MinLevel`, `MaxLevel`, `QuestLevel`, `Type`, `RequiredClasses`, `RequiredRaces`, `RequiredSkill`, `RequiredSkillValue`, `RepObjectiveFaction`, `RepObjectiveValue`, `RequiredMinRepFaction`, `RequiredMinRepValue`, `RequiredMaxRepFaction`, `RequiredMaxRepValue`, `SuggestedPlayers`, `LimitTime`, `QuestFlags`, `SpecialFlags`, `PrevQuestId`, `NextQuestId`, `ExclusiveGroup`, `NextQuestInChain`, `SrcItemId`, `SrcItemCount`, `SrcSpell`, `Title`, `Details`, `Objectives`, `OfferRewardText`, `RequestItemsText`, `ReqItemId1`, `ReqItemId2`, `ReqItemId3`, `ReqItemId4`, `ReqItemCount1`, `ReqItemCount2`, `ReqItemCount3`, `ReqItemCount4`, `ReqSourceId1`, `ReqSourceId2`, `ReqSourceId3`, `ReqSourceId4`, `ReqSourceCount1`, `ReqSourceCount2`, `ReqSourceCount3`, `ReqSourceCount4`, `ReqCreatureOrGOId1`, `ReqCreatureOrGOId2`, `ReqCreatureOrGOId3`, `ReqCreatureOrGOId4`, `ReqCreatureOrGOCount1`, `ReqCreatureOrGOCount2`, `ReqCreatureOrGOCount3`, `ReqCreatureOrGOCount4`, `ReqSpellCast1`, `ReqSpellCast2`, `ReqSpellCast3`, `ReqSpellCast4`, `RewChoiceItemId1`, `RewChoiceItemId2`, `RewChoiceItemId3`, `RewChoiceItemId4`, `RewChoiceItemId5`, `RewChoiceItemId6`, `RewChoiceItemCount1`, `RewChoiceItemCount2`, `RewChoiceItemCount3`, `RewChoiceItemCount4`, `RewChoiceItemCount5`, `RewChoiceItemCount6`, `RewItemId1`, `RewItemId2`, `RewItemId3`, `RewItemId4`, `RewItemCount1`, `RewItemCount2`, `RewItemCount3`, `RewItemCount4`, `RewRepFaction1`, `RewRepFaction2`, `RewRepFaction3`, `RewRepFaction4`, `RewRepFaction5`, `RewRepValue1`, `RewRepValue2`, `RewRepValue3`, `RewRepValue4`, `RewRepValue5`, `RewXP`, `RewOrReqMoney`, `RewMoneyMaxLevel`, `RewSpell`, `RewSpellCast`, `RewMailTemplateId`, `RewMailDelaySecs`, `RewMailMoney`, `PointMapId`, `PointX`, `PointY`, `PointOpt`, `DetailsEmote1`, `DetailsEmote2`, `DetailsEmote3`, `DetailsEmote4`, `DetailsEmoteDelay1`, `DetailsEmoteDelay2`, `DetailsEmoteDelay3`, `DetailsEmoteDelay4`, `IncompleteEmote`, `CompleteEmote`, `OfferRewardEmote1`, `OfferRewardEmote2`, `OfferRewardEmote3`, `OfferRewardEmote4`, `OfferRewardEmoteDelay1`, `OfferRewardEmoteDelay2`, `OfferRewardEmoteDelay3`, `OfferRewardEmoteDelay4`, `StartScript`, `CompleteScript`) VALUES ('51003', '0', '2', '406', '3', '0', '4', '0', '0', '77', '0', '0', '0', '0', '0', '0', '0', '0', '0', '0', '8', '0', '0', '0', '0', '0', '0', '0', '0', 'The Lonely Mirkfallon Lake', 'It\'s a pleasure to meet you $C ! This place is full of dangers but also mysteries which leads us to potential profit.$b$bAround myself there are strange but rares species : wywerns and basilisks. Let me tell you that wywern theeth and black crystal from basilisks are worth there prices. I am able to pay you a nice price for those composants, I will make the margin with my own skills and recipes.$b$b Fetch me 10 teeths and 4 crystal, try to not damages them as much as you can.', 'Bagran the Wanderer wants you to collect 10 Long Wywern Teeth and 4 Basilisk Black Crystals on the creature around the Lake.', 'Oh, you\'re back ! Let me see what you got around there, I hope you did not damage them...', 'This place does no good to me, the air is filled with moisture. It reminded me of the Menethil Arbor, but I\'m far away from home right now...', '50029', '50030', '0', '0', '10', '4', '0', '0', '0', '0', '0', '0', '0', '0', '0', '0', '0', '0', '0', '0', '0', '0', '0', '0', '0', '0', '0', '0', '0', '0', '0', '0', '0', '0', '0', '0', '0', '0', '0', '0', '0', '0', '0', '0', '0', '0', '0', '0', '0', '0', '0', '0', '0', '0', '0', '0', '0', '0', '1740', '1350', '1400', '0', '0', '0', '0', '0', '0', '0', '0', '0', '0', '0', '0', '0', '0', '0', '0', '0', '0', '6', '1', '0', '0', '0', '0', '0', '0', '0', '0', '0');
		-- Adding 2 Stonetalon Moutains Questrelation and involvedrelation --
INSERT INTO `reforged_mangos`.`creature_questrelation` (`id`, `quest`, `patch_min`, `patch_max`) VALUES ('3994', '51001', '0', '10');
INSERT INTO `reforged_mangos`.`creature_questrelation` (`id`, `quest`, `patch_min`, `patch_max`) VALUES ('1000007', '51003', '0', '10');
INSERT INTO `reforged_mangos`.`creature_involvedrelation` (`id`, `quest`, `patch_min`, `patch_max`) VALUES ('3994', '51001', '0', '10');
INSERT INTO `reforged_mangos`.`creature_involvedrelation` (`id`, `quest`, `patch_min`, `patch_max`) VALUES ('1000007', '51003', '0', '10');
		-- Adding 2 Stonetalon Moutains Quests item required --
INSERT INTO `reforged_mangos`.`item_template` (`entry`, `patch`, `class`, `subclass`, `name`, `description`, `display_id`, `quality`, `flags`, `buy_count`, `buy_price`, `sell_price`, `inventory_type`, `allowable_class`, `allowable_race`, `item_level`, `required_level`, `required_skill`, `required_skill_rank`, `required_spell`, `required_honor_rank`, `required_city_rank`, `required_reputation_faction`, `required_reputation_rank`, `max_count`, `stackable`, `container_slots`, `stat_type1`, `stat_value1`, `stat_type2`, `stat_value2`, `stat_type3`, `stat_value3`, `stat_type4`, `stat_value4`, `stat_type5`, `stat_value5`, `stat_type6`, `stat_value6`, `stat_type7`, `stat_value7`, `stat_type8`, `stat_value8`, `stat_type9`, `stat_value9`, `stat_type10`, `stat_value10`, `delay`, `range_mod`, `ammo_type`, `dmg_min1`, `dmg_max1`, `dmg_type1`, `dmg_min2`, `dmg_max2`, `dmg_type2`, `dmg_min3`, `dmg_max3`, `dmg_type3`, `dmg_min4`, `dmg_max4`, `dmg_type4`, `dmg_min5`, `dmg_max5`, `dmg_type5`, `block`, `armor`, `holy_res`, `fire_res`, `nature_res`, `frost_res`, `shadow_res`, `arcane_res`, `spellid_1`, `spelltrigger_1`, `spellcharges_1`, `spellppmrate_1`, `spellcooldown_1`, `spellcategory_1`, `spellcategorycooldown_1`, `spellid_2`, `spelltrigger_2`, `spellcharges_2`, `spellppmrate_2`, `spellcooldown_2`, `spellcategory_2`, `spellcategorycooldown_2`, `spellid_3`, `spelltrigger_3`, `spellcharges_3`, `spellppmrate_3`, `spellcooldown_3`, `spellcategory_3`, `spellcategorycooldown_3`, `spellid_4`, `spelltrigger_4`, `spellcharges_4`, `spellppmrate_4`, `spellcooldown_4`, `spellcategory_4`, `spellcategorycooldown_4`, `spellid_5`, `spelltrigger_5`, `spellcharges_5`, `spellppmrate_5`, `spellcooldown_5`, `spellcategory_5`, `spellcategorycooldown_5`, `bonding`, `page_text`, `page_language`, `page_material`, `start_quest`, `lock_id`, `material`, `sheath`, `random_property`, `set_id`, `max_durability`, `area_bound`, `map_bound`, `duration`, `bag_family`, `disenchant_id`, `food_type`, `min_money_loot`, `max_money_loot`, `extra_flags`, `other_team_entry`) VALUES ('50030', '0', '12', '0', 'Basilisk Black Crystal', '', '2516', '1', '1', '1', '0', '0', '0', '-1', '-1', '0', '0', '0', '0', '0', '0', '0', '0', '0', '4', '4', '0', '0', '0', '0', '0', '0', '0', '0', '0', '0', '0', '0', '0', '0', '0', '0', '0', '0', '0', '0', '0', '0', '0', '0', '0', '0', '0', '0', '0', '0', '0', '0', '0', '0', '0', '0', '0', '0', '0', '0', '0', '0', '0', '0', '0', '0', '0', '0', '0', '0', '0', '-1', '0', '-1', '0', '0', '0', '0', '-1', '0', '-1', '0', '0', '0', '0', '-1', '0', '-1', '0', '0', '0', '0', '-1', '0', '-1', '0', '0', '0', '0', '0', '0', '0', '1', '0', '0', '0', '0', '0', '4', '0', '0', '0', '0', '0', '0', '0', '0', '0', '0', '0', '0', '0', '1');
INSERT INTO `reforged_mangos`.`item_template` (`entry`, `patch`, `class`, `subclass`, `name`, `description`, `display_id`, `quality`, `flags`, `buy_count`, `buy_price`, `sell_price`, `inventory_type`, `allowable_class`, `allowable_race`, `item_level`, `required_level`, `required_skill`, `required_skill_rank`, `required_spell`, `required_honor_rank`, `required_city_rank`, `required_reputation_faction`, `required_reputation_rank`, `max_count`, `stackable`, `container_slots`, `stat_type1`, `stat_value1`, `stat_type2`, `stat_value2`, `stat_type3`, `stat_value3`, `stat_type4`, `stat_value4`, `stat_type5`, `stat_value5`, `stat_type6`, `stat_value6`, `stat_type7`, `stat_value7`, `stat_type8`, `stat_value8`, `stat_type9`, `stat_value9`, `stat_type10`, `stat_value10`, `delay`, `range_mod`, `ammo_type`, `dmg_min1`, `dmg_max1`, `dmg_type1`, `dmg_min2`, `dmg_max2`, `dmg_type2`, `dmg_min3`, `dmg_max3`, `dmg_type3`, `dmg_min4`, `dmg_max4`, `dmg_type4`, `dmg_min5`, `dmg_max5`, `dmg_type5`, `block`, `armor`, `holy_res`, `fire_res`, `nature_res`, `frost_res`, `shadow_res`, `arcane_res`, `spellid_1`, `spelltrigger_1`, `spellcharges_1`, `spellppmrate_1`, `spellcooldown_1`, `spellcategory_1`, `spellcategorycooldown_1`, `spellid_2`, `spelltrigger_2`, `spellcharges_2`, `spellppmrate_2`, `spellcooldown_2`, `spellcategory_2`, `spellcategorycooldown_2`, `spellid_3`, `spelltrigger_3`, `spellcharges_3`, `spellppmrate_3`, `spellcooldown_3`, `spellcategory_3`, `spellcategorycooldown_3`, `spellid_4`, `spelltrigger_4`, `spellcharges_4`, `spellppmrate_4`, `spellcooldown_4`, `spellcategory_4`, `spellcategorycooldown_4`, `spellid_5`, `spelltrigger_5`, `spellcharges_5`, `spellppmrate_5`, `spellcooldown_5`, `spellcategory_5`, `spellcategorycooldown_5`, `bonding`, `page_text`, `page_language`, `page_material`, `start_quest`, `lock_id`, `material`, `sheath`, `random_property`, `set_id`, `max_durability`, `area_bound`, `map_bound`, `duration`, `bag_family`, `disenchant_id`, `food_type`, `min_money_loot`, `max_money_loot`, `extra_flags`, `other_team_entry`) VALUES ('50029', '0', '12', '0', 'Long Wywern Teeth', '', '7350', '1', '1', '1', '0', '0', '0', '-1', '-1', '0', '0', '0', '0', '0', '0', '0', '0', '0', '10', '10', '0', '0', '0', '0', '0', '0', '0', '0', '0', '0', '0', '0', '0', '0', '0', '0', '0', '0', '0', '0', '0', '0', '0', '0', '0', '0', '0', '0', '0', '0', '0', '0', '0', '0', '0', '0', '0', '0', '0', '0', '0', '0', '0', '0', '0', '0', '0', '0', '0', '0', '0', '-1', '0', '-1', '0', '0', '0', '0', '-1', '0', '-1', '0', '0', '0', '0', '-1', '0', '-1', '0', '0', '0', '0', '-1', '0', '-1', '0', '0', '0', '0', '0', '0', '0', '1', '0', '0', '0', '0', '0', '2', '0', '0', '0', '0', '0', '0', '0', '0', '0', '0', '0', '0', '0', '1');
		-- Adding 2 Stonetalon Moutains Quests reward for 51002 Quest --
INSERT INTO `reforged_mangos`.`item_template` (`entry`, `patch`, `class`, `subclass`, `name`, `description`, `display_id`, `quality`, `flags`, `buy_count`, `buy_price`, `sell_price`, `inventory_type`, `allowable_class`, `allowable_race`, `item_level`, `required_level`, `required_skill`, `required_skill_rank`, `required_spell`, `required_honor_rank`, `required_city_rank`, `required_reputation_faction`, `required_reputation_rank`, `max_count`, `stackable`, `container_slots`, `stat_type1`, `stat_value1`, `stat_type2`, `stat_value2`, `stat_type3`, `stat_value3`, `stat_type4`, `stat_value4`, `stat_type5`, `stat_value5`, `stat_type6`, `stat_value6`, `stat_type7`, `stat_value7`, `stat_type8`, `stat_value8`, `stat_type9`, `stat_value9`, `stat_type10`, `stat_value10`, `delay`, `range_mod`, `ammo_type`, `dmg_min1`, `dmg_max1`, `dmg_type1`, `dmg_min2`, `dmg_max2`, `dmg_type2`, `dmg_min3`, `dmg_max3`, `dmg_type3`, `dmg_min4`, `dmg_max4`, `dmg_type4`, `dmg_min5`, `dmg_max5`, `dmg_type5`, `block`, `armor`, `holy_res`, `fire_res`, `nature_res`, `frost_res`, `shadow_res`, `arcane_res`, `spellid_1`, `spelltrigger_1`, `spellcharges_1`, `spellppmrate_1`, `spellcooldown_1`, `spellcategory_1`, `spellcategorycooldown_1`, `spellid_2`, `spelltrigger_2`, `spellcharges_2`, `spellppmrate_2`, `spellcooldown_2`, `spellcategory_2`, `spellcategorycooldown_2`, `spellid_3`, `spelltrigger_3`, `spellcharges_3`, `spellppmrate_3`, `spellcooldown_3`, `spellcategory_3`, `spellcategorycooldown_3`, `spellid_4`, `spelltrigger_4`, `spellcharges_4`, `spellppmrate_4`, `spellcooldown_4`, `spellcategory_4`, `spellcategorycooldown_4`, `spellid_5`, `spelltrigger_5`, `spellcharges_5`, `spellppmrate_5`, `spellcooldown_5`, `spellcategory_5`, `spellcategorycooldown_5`, `bonding`, `page_text`, `page_language`, `page_material`, `start_quest`, `lock_id`, `material`, `sheath`, `random_property`, `set_id`, `max_durability`, `area_bound`, `map_bound`, `duration`, `bag_family`, `disenchant_id`, `food_type`, `min_money_loot`, `max_money_loot`, `extra_flags`, `other_team_entry`) VALUES ('50027', '0', '2', '10', 'Branch From The Talon Den', '', '20361', '2', '0', '1', '0', '0', '17', '-1', '-1', '25', '0', '0', '0', '0', '0', '0', '0', '0', '1', '0', '0', '7', '5', '6', '4', '5', '3', '0', '0', '0', '0', '0', '0', '0', '0', '0', '0', '0', '0', '0', '0', '2700', '0', '0', '35', '60', '0', '0', '0', '0', '0', '0', '0', '0', '0', '0', '0', '0', '0', '0', '0', '0', '0', '0', '0', '0', '0', '0', '0', '0', '0', '-1', '0', '-1', '0', '0', '0', '0', '-1', '0', '-1', '0', '0', '0', '0', '-1', '0', '-1', '0', '0', '0', '0', '-1', '0', '-1', '0', '0', '0', '0', '-1', '0', '-1', '4', '0', '0', '0', '0', '0', '2', '2', '0', '0', '95', '0', '0', '0', '0', '3', '0', '0', '0', '0', '1');
INSERT INTO `reforged_mangos`.`item_template` (`entry`, `patch`, `class`, `subclass`, `name`, `description`, `display_id`, `quality`, `flags`, `buy_count`, `buy_price`, `sell_price`, `inventory_type`, `allowable_class`, `allowable_race`, `item_level`, `required_level`, `required_skill`, `required_skill_rank`, `required_spell`, `required_honor_rank`, `required_city_rank`, `required_reputation_faction`, `required_reputation_rank`, `max_count`, `stackable`, `container_slots`, `stat_type1`, `stat_value1`, `stat_type2`, `stat_value2`, `stat_type3`, `stat_value3`, `stat_type4`, `stat_value4`, `stat_type5`, `stat_value5`, `stat_type6`, `stat_value6`, `stat_type7`, `stat_value7`, `stat_type8`, `stat_value8`, `stat_type9`, `stat_value9`, `stat_type10`, `stat_value10`, `delay`, `range_mod`, `ammo_type`, `dmg_min1`, `dmg_max1`, `dmg_type1`, `dmg_min2`, `dmg_max2`, `dmg_type2`, `dmg_min3`, `dmg_max3`, `dmg_type3`, `dmg_min4`, `dmg_max4`, `dmg_type4`, `dmg_min5`, `dmg_max5`, `dmg_type5`, `block`, `armor`, `holy_res`, `fire_res`, `nature_res`, `frost_res`, `shadow_res`, `arcane_res`, `spellid_1`, `spelltrigger_1`, `spellcharges_1`, `spellppmrate_1`, `spellcooldown_1`, `spellcategory_1`, `spellcategorycooldown_1`, `spellid_2`, `spelltrigger_2`, `spellcharges_2`, `spellppmrate_2`, `spellcooldown_2`, `spellcategory_2`, `spellcategorycooldown_2`, `spellid_3`, `spelltrigger_3`, `spellcharges_3`, `spellppmrate_3`, `spellcooldown_3`, `spellcategory_3`, `spellcategorycooldown_3`, `spellid_4`, `spelltrigger_4`, `spellcharges_4`, `spellppmrate_4`, `spellcooldown_4`, `spellcategory_4`, `spellcategorycooldown_4`, `spellid_5`, `spelltrigger_5`, `spellcharges_5`, `spellppmrate_5`, `spellcooldown_5`, `spellcategory_5`, `spellcategorycooldown_5`, `bonding`, `page_text`, `page_language`, `page_material`, `start_quest`, `lock_id`, `material`, `sheath`, `random_property`, `set_id`, `max_durability`, `area_bound`, `map_bound`, `duration`, `bag_family`, `disenchant_id`, `food_type`, `min_money_loot`, `max_money_loot`, `extra_flags`, `other_team_entry`) VALUES ('50026', '0', '4', '1', 'Wrapper of the Keeper', '', '23014', '2', '0', '1', '0', '450', '16', '-1', '-1', '25', '0', '0', '0', '0', '0', '0', '0', '0', '0', '1', '0', '4', '4', '3', '2', '0', '0', '0', '0', '0', '0', '0', '0', '0', '0', '0', '0', '0', '0', '0', '0', '1000', '0', '0', '0', '0', '0', '0', '0', '0', '0', '0', '0', '0', '0', '0', '0', '0', '0', '0', '20', '0', '0', '5', '0', '0', '0', '0', '0', '0', '0', '-1', '0', '-1', '0', '0', '0', '0', '-1', '0', '-1', '0', '0', '0', '0', '-1', '0', '-1', '0', '0', '0', '0', '-1', '0', '-1', '0', '0', '0', '0', '-1', '0', '-1', '4', '0', '0', '0', '0', '0', '8', '0', '0', '0', '40', '0', '0', '0', '0', '3', '0', '0', '0', '0', '1');
		-- Adding 2 Stonetalon Moutains QuestsItem loot --
INSERT INTO `reforged_mangos`.`creature_loot_template` (`entry`, `item`, `ChanceOrQuestChance`, `groupid`, `mincountOrRef`, `maxcount`, `condition_id`, `patch_min`, `patch_max`) VALUES ('4044', '50030', '-100', '0', '1', '1', '0', '0', '10');
INSERT INTO `reforged_mangos`.`creature_loot_template` (`entry`, `item`, `ChanceOrQuestChance`, `groupid`, `mincountOrRef`, `maxcount`, `condition_id`, `patch_min`, `patch_max`) VALUES ('4042', '50030', '-100', '0', '1', '1', '0', '0', '10');
INSERT INTO `reforged_mangos`.`creature_loot_template` (`entry`, `item`, `ChanceOrQuestChance`, `groupid`, `mincountOrRef`, `maxcount`, `condition_id`, `patch_min`, `patch_max`) VALUES ('4012', '50029', '-100', '0', '1', '2', '0', '0', '10');
INSERT INTO `reforged_mangos`.`creature_loot_template` (`entry`, `item`, `ChanceOrQuestChance`, `groupid`, `mincountOrRef`, `maxcount`, `condition_id`, `patch_min`, `patch_max`) VALUES ('4031', '50029', '-90', '0', '1', '3', '0', '0', '10');
		-- Adding  Stonetalon Moutains Questgiver for 51003 quest --
INSERT INTO `reforged_mangos`.`creature_template` (`entry`, `patch`, `display_id1`, `display_id2`, `display_id3`, `display_id4`, `name`, `gossip_menu_id`, `level_min`, `level_max`, `health_min`, `health_max`, `mana_min`, `mana_max`, `armor`, `faction`, `npc_flags`, `speed_walk`, `speed_run`, `detection_range`, `call_for_help_range`, `leash_range`, `rank`, `xp_multiplier`, `dmg_min`, `dmg_max`, `dmg_school`, `attack_power`, `dmg_multiplier`, `base_attack_time`, `ranged_attack_time`, `unit_class`, `unit_flags`, `dynamic_flags`, `beast_family`, `trainer_type`, `trainer_spell`, `trainer_class`, `trainer_race`, `ranged_dmg_min`, `ranged_dmg_max`, `ranged_attack_power`, `type`, `type_flags`, `loot_id`, `pickpocket_loot_id`, `skinning_loot_id`, `holy_res`, `fire_res`, `nature_res`, `frost_res`, `shadow_res`, `arcane_res`, `spell_id1`, `spell_id2`, `spell_id3`, `spell_id4`, `spell_list_id`, `pet_spell_list_id`, `gold_min`, `gold_max`, `ai_name`, `movement_type`, `inhabit_type`, `civilian`, `racial_leader`, `regeneration`, `equipment_id`, `trainer_id`, `vendor_id`, `mechanic_immune_mask`, `school_immune_mask`, `flags_extra`, `script_name`) VALUES ('1000007', '0', '3437', '0', '0', '0', 'Bagran the Wanderer', '0', '5', '5', '828', '828', '0', '0', '300', '57', '2', '0.99', '1.14286', '20', '5', '0', '0', '1', '45', '58', '0', '120', '1', '1860', '2046', '1', '0', '0', '0', '0', '0', '0', '0', '24.552', '33.759', '100', '7', '0', '0', '0', '0', '0', '0', '0', '0', '0', '0', '0', '0', '0', '0', '0', '0', '0', '0', '', '0', '3', '0', '0', '3', '862', '0', '0', '0', '0', '524298', '');
		-- Adding  Stonetalon Moutains Questgiver Spawn for 51003 quest --		
INSERT INTO `reforged_mangos`.`creature` (`guid`, `id`, `id2`, `id3`, `id4`, `map`, `equipment_id`, `position_x`, `position_y`, `position_z`, `orientation`, `spawntimesecsmin`, `spawntimesecsmax`, `patch_min`, `patch_max`) VALUES ('2530576', '1000007', '0', '0', '0', '1', '862', '1627.77', '871.519', '133.868', '5.73808', '25', '25', '0', '10');

                -- Desolace Questline --
	
    -- Adding  Desolace Quest for Magram Neutral to Friendly --
DELETE FROM `reforged_mangos`.`quest_template` WHERE (`entry` = '1367') and (`patch` = '0');
INSERT INTO `reforged_mangos`.`quest_template` (`entry`, `patch`, `Method`, `ZoneOrSort`, `MinLevel`, `MaxLevel`, `QuestLevel`, `Type`, `RequiredClasses`, `RequiredRaces`, `RequiredSkill`, `RequiredSkillValue`, `RepObjectiveFaction`, `RepObjectiveValue`, `RequiredMinRepFaction`, `RequiredMinRepValue`, `RequiredMaxRepFaction`, `RequiredMaxRepValue`, `SuggestedPlayers`, `LimitTime`, `QuestFlags`, `SpecialFlags`, `PrevQuestId`, `NextQuestId`, `ExclusiveGroup`, `NextQuestInChain`, `SrcItemId`, `SrcItemCount`, `SrcSpell`, `Title`, `Details`, `Objectives`, `OfferRewardText`, `RequestItemsText`, `EndText`, `ObjectiveText1`, `ObjectiveText2`, `ObjectiveText3`, `ObjectiveText4`, `ReqItemId1`, `ReqItemId2`, `ReqItemId3`, `ReqItemId4`, `ReqItemCount1`, `ReqItemCount2`, `ReqItemCount3`, `ReqItemCount4`, `ReqSourceId1`, `ReqSourceId2`, `ReqSourceId3`, `ReqSourceId4`, `ReqSourceCount1`, `ReqSourceCount2`, `ReqSourceCount3`, `ReqSourceCount4`, `ReqCreatureOrGOId1`, `ReqCreatureOrGOId2`, `ReqCreatureOrGOId3`, `ReqCreatureOrGOId4`, `ReqCreatureOrGOCount1`, `ReqCreatureOrGOCount2`, `ReqCreatureOrGOCount3`, `ReqCreatureOrGOCount4`, `ReqSpellCast1`, `ReqSpellCast2`, `ReqSpellCast3`, `ReqSpellCast4`, `RewChoiceItemId1`, `RewChoiceItemId2`, `RewChoiceItemId3`, `RewChoiceItemId4`, `RewChoiceItemId5`, `RewChoiceItemId6`, `RewChoiceItemCount1`, `RewChoiceItemCount2`, `RewChoiceItemCount3`, `RewChoiceItemCount4`, `RewChoiceItemCount5`, `RewChoiceItemCount6`, `RewItemId1`, `RewItemId2`, `RewItemId3`, `RewItemId4`, `RewItemCount1`, `RewItemCount2`, `RewItemCount3`, `RewItemCount4`, `RewRepFaction1`, `RewRepFaction2`, `RewRepFaction3`, `RewRepFaction4`, `RewRepFaction5`, `RewRepValue1`, `RewRepValue2`, `RewRepValue3`, `RewRepValue4`, `RewRepValue5`, `RewXP`, `RewOrReqMoney`, `RewMoneyMaxLevel`, `RewSpell`, `RewSpellCast`, `RewMailTemplateId`, `RewMailDelaySecs`, `RewMailMoney`, `PointMapId`, `PointX`, `PointY`, `PointOpt`, `DetailsEmote1`, `DetailsEmote2`, `DetailsEmote3`, `DetailsEmote4`, `DetailsEmoteDelay1`, `DetailsEmoteDelay2`, `DetailsEmoteDelay3`, `DetailsEmoteDelay4`, `IncompleteEmote`, `CompleteEmote`, `OfferRewardEmote1`, `OfferRewardEmote2`, `OfferRewardEmote3`, `OfferRewardEmote4`, `OfferRewardEmoteDelay1`, `OfferRewardEmoteDelay2`, `OfferRewardEmoteDelay3`, `OfferRewardEmoteDelay4`, `StartScript`, `CompleteScript`) VALUES ('1367', '0', '2', '405', '5', '0', '5', '0', '0', '178', '0', '0', '93', '0', '0', '0', '0', '0', '0', '0', '8', '0', '0', '51004', '0', '51004', '0', '0', '0', 'Magram Alliance', 'To beat the centaur, we must use their hatred against them.  We will ally with one of the clans and through them, we will learn how to defeat all the clans.$B$BIf you choose to ally with the Magram then slay their foes, the Gelkis.  This will earn you respect among the Magram.  When you earn enough, then meet with the Magram spokesman Warug, on the outskirts of the Magram Village, in southeast Desolace.', 'Keep a neutral reputation with the Magram, then speak with Warug.', 'The Gelkis cry when they hear that the $C is here. They are afraid and they are hatefull. They hate the $C as much as they hate the Magram!$b$bMaybe you are strong like the Magram. We will see...', 'Leave! The Magram do not speak with the weak. We kill them!$B$BIf the $C wants to speak with me, then it must shows me his strenght. It returns after it slayed many ennemies.', '', '', '', '', '', '0', '0', '0', '0', '0', '0', '0', '0', '0', '0', '0', '0', '0', '0', '0', '0', '0', '0', '0', '0', '0', '0', '0', '0', '0', '0', '0', '0', '0', '0', '0', '0', '0', '0', '0', '0', '0', '0', '0', '0', '0', '0', '0', '0', '0', '0', '0', '0', '92', '93', '0', '0', '0', '-750', '100', '0', '0', '0', '660', '0', '390', '0', '0', '0', '0', '0', '0', '0', '0', '0', '0', '0', '0', '0', '0', '0', '0', '0', '0', '1', '0', '0', '0', '0', '0', '0', '0', '0', '0', '0');
DELETE FROM `reforged_mangos`.`quest_template` WHERE (`entry` = '1385') and (`patch` = '0');
INSERT INTO `reforged_mangos`.`quest_template` (`entry`, `patch`, `Method`, `ZoneOrSort`, `MinLevel`, `MaxLevel`, `QuestLevel`, `Type`, `RequiredClasses`, `RequiredRaces`, `RequiredSkill`, `RequiredSkillValue`, `RepObjectiveFaction`, `RepObjectiveValue`, `RequiredMinRepFaction`, `RequiredMinRepValue`, `RequiredMaxRepFaction`, `RequiredMaxRepValue`, `SuggestedPlayers`, `LimitTime`, `QuestFlags`, `SpecialFlags`, `PrevQuestId`, `NextQuestId`, `ExclusiveGroup`, `NextQuestInChain`, `SrcItemId`, `SrcItemCount`, `SrcSpell`, `Title`, `Details`, `Objectives`, `OfferRewardText`, `RequestItemsText`, `EndText`, `ObjectiveText1`, `ObjectiveText2`, `ObjectiveText3`, `ObjectiveText4`, `ReqItemId1`, `ReqItemId2`, `ReqItemId3`, `ReqItemId4`, `ReqItemCount1`, `ReqItemCount2`, `ReqItemCount3`, `ReqItemCount4`, `ReqSourceId1`, `ReqSourceId2`, `ReqSourceId3`, `ReqSourceId4`, `ReqSourceCount1`, `ReqSourceCount2`, `ReqSourceCount3`, `ReqSourceCount4`, `ReqCreatureOrGOId1`, `ReqCreatureOrGOId2`, `ReqCreatureOrGOId3`, `ReqCreatureOrGOId4`, `ReqCreatureOrGOCount1`, `ReqCreatureOrGOCount2`, `ReqCreatureOrGOCount3`, `ReqCreatureOrGOCount4`, `ReqSpellCast1`, `ReqSpellCast2`, `ReqSpellCast3`, `ReqSpellCast4`, `RewChoiceItemId1`, `RewChoiceItemId2`, `RewChoiceItemId3`, `RewChoiceItemId4`, `RewChoiceItemId5`, `RewChoiceItemId6`, `RewChoiceItemCount1`, `RewChoiceItemCount2`, `RewChoiceItemCount3`, `RewChoiceItemCount4`, `RewChoiceItemCount5`, `RewChoiceItemCount6`, `RewItemId1`, `RewItemId2`, `RewItemId3`, `RewItemId4`, `RewItemCount1`, `RewItemCount2`, `RewItemCount3`, `RewItemCount4`, `RewRepFaction1`, `RewRepFaction2`, `RewRepFaction3`, `RewRepFaction4`, `RewRepFaction5`, `RewRepValue1`, `RewRepValue2`, `RewRepValue3`, `RewRepValue4`, `RewRepValue5`, `RewXP`, `RewOrReqMoney`, `RewMoneyMaxLevel`, `RewSpell`, `RewSpellCast`, `RewMailTemplateId`, `RewMailDelaySecs`, `RewMailMoney`, `PointMapId`, `PointX`, `PointY`, `PointOpt`, `DetailsEmote1`, `DetailsEmote2`, `DetailsEmote3`, `DetailsEmote4`, `DetailsEmoteDelay1`, `DetailsEmoteDelay2`, `DetailsEmoteDelay3`, `DetailsEmoteDelay4`, `IncompleteEmote`, `CompleteEmote`, `OfferRewardEmote1`, `OfferRewardEmote2`, `OfferRewardEmote3`, `OfferRewardEmote4`, `OfferRewardEmoteDelay1`, `OfferRewardEmoteDelay2`, `OfferRewardEmoteDelay3`, `OfferRewardEmoteDelay4`, `StartScript`, `CompleteScript`) VALUES ('1385', '0', '2', '405', '5', '0', '5', '0', '0', '77', '0', '0', '93', '0', '0', '0', '0', '0', '0', '0', '8', '0', '0', '51004', '0', '51004', '0', '0', '0', 'Brutal Politics', 'Desolace is a land at war.  The centaurs wage war with each other, and we believe the victor among them will spill out and threaten our strongholds.  That, we cannot allow$B$BWe must learn how to beat the centaurs, and to do that... we must ally with one of the clans.  The Magram centaurs war with the Gelkis.  If you fight the Gelkis then the Magram might consider an alliance.$B$BEarn the favor of the Magrams then speak with Warug, in the Magram village in southeastern Desolace.', 'Keep a neutral reputation with the Magram, then speak with Warug.', 'Many Gelkis will fall to the $C. Warug likes that. Maybe it can do more things that Warug likes. Maybe it and the Magram can be friends.', 'The $C will go now, or the Magram will crush it ! To be our friend, you must prove you a forthy.', '', '', '', '', '', '0', '0', '0', '0', '0', '0', '0', '0', '0', '0', '0', '0', '0', '0', '0', '0', '0', '0', '0', '0', '0', '0', '0', '0', '0', '0', '0', '0', '0', '0', '0', '0', '0', '0', '0', '0', '0', '0', '0', '0', '0', '0', '0', '0', '0', '0', '0', '0', '93', '92', '0', '0', '0', '150', '-750', '0', '0', '0', '2050', '0', '1260', '0', '0', '0', '0', '0', '0', '0', '0', '0', '0', '0', '0', '0', '0', '0', '0', '0', '0', '1', '0', '0', '0', '0', '0', '0', '0', '0', '0', '0');
DELETE FROM `reforged_mangos`.`quest_template` WHERE (`entry` = '1386') and (`patch` = '0');
INSERT INTO `reforged_mangos`.`quest_template` (`entry`, `patch`, `Method`, `ZoneOrSort`, `MinLevel`, `MaxLevel`, `QuestLevel`, `Type`, `RequiredClasses`, `RequiredRaces`, `RequiredSkill`, `RequiredSkillValue`, `RepObjectiveFaction`, `RepObjectiveValue`, `RequiredMinRepFaction`, `RequiredMinRepValue`, `RequiredMaxRepFaction`, `RequiredMaxRepValue`, `SuggestedPlayers`, `LimitTime`, `QuestFlags`, `SpecialFlags`, `PrevQuestId`, `NextQuestId`, `ExclusiveGroup`, `NextQuestInChain`, `SrcItemId`, `SrcItemCount`, `SrcSpell`, `Title`, `Details`, `Objectives`, `OfferRewardText`, `RequestItemsText`, `EndText`, `ObjectiveText1`, `ObjectiveText2`, `ObjectiveText3`, `ObjectiveText4`, `ReqItemId1`, `ReqItemId2`, `ReqItemId3`, `ReqItemId4`, `ReqItemCount1`, `ReqItemCount2`, `ReqItemCount3`, `ReqItemCount4`, `ReqSourceId1`, `ReqSourceId2`, `ReqSourceId3`, `ReqSourceId4`, `ReqSourceCount1`, `ReqSourceCount2`, `ReqSourceCount3`, `ReqSourceCount4`, `ReqCreatureOrGOId1`, `ReqCreatureOrGOId2`, `ReqCreatureOrGOId3`, `ReqCreatureOrGOId4`, `ReqCreatureOrGOCount1`, `ReqCreatureOrGOCount2`, `ReqCreatureOrGOCount3`, `ReqCreatureOrGOCount4`, `ReqSpellCast1`, `ReqSpellCast2`, `ReqSpellCast3`, `ReqSpellCast4`, `RewChoiceItemId1`, `RewChoiceItemId2`, `RewChoiceItemId3`, `RewChoiceItemId4`, `RewChoiceItemId5`, `RewChoiceItemId6`, `RewChoiceItemCount1`, `RewChoiceItemCount2`, `RewChoiceItemCount3`, `RewChoiceItemCount4`, `RewChoiceItemCount5`, `RewChoiceItemCount6`, `RewItemId1`, `RewItemId2`, `RewItemId3`, `RewItemId4`, `RewItemCount1`, `RewItemCount2`, `RewItemCount3`, `RewItemCount4`, `RewRepFaction1`, `RewRepFaction2`, `RewRepFaction3`, `RewRepFaction4`, `RewRepFaction5`, `RewRepValue1`, `RewRepValue2`, `RewRepValue3`, `RewRepValue4`, `RewRepValue5`, `RewXP`, `RewOrReqMoney`, `RewMoneyMaxLevel`, `RewSpell`, `RewSpellCast`, `RewMailTemplateId`, `RewMailDelaySecs`, `RewMailMoney`, `PointMapId`, `PointX`, `PointY`, `PointOpt`, `DetailsEmote1`, `DetailsEmote2`, `DetailsEmote3`, `DetailsEmote4`, `DetailsEmoteDelay1`, `DetailsEmoteDelay2`, `DetailsEmoteDelay3`, `DetailsEmoteDelay4`, `IncompleteEmote`, `CompleteEmote`, `OfferRewardEmote1`, `OfferRewardEmote2`, `OfferRewardEmote3`, `OfferRewardEmote4`, `OfferRewardEmoteDelay1`, `OfferRewardEmoteDelay2`, `OfferRewardEmoteDelay3`, `OfferRewardEmoteDelay4`, `StartScript`, `CompleteScript`) VALUES ('1386', '0', '2', '405', '5', '0', '5', '0', '0', '0', '0', '0', '93', '0', '0', '0', '0', '0', '0', '0', '8', '0', '1385', '51004', '0', '51004', '0', '0', '0', 'Assault on the Kolkar', 'The Kolkar think they are strong, but we laugh at them!  We laugh and we kill them!  One $C must kill them too and shows us that it can kill Kolkar like we do. It heads north and slay them all!', 'Maintain your reputation with the Magram. Kill 8 Kolkar Centaurs, 8 Kolkar Scouts and 5 Kolkar Maulers, then return to Warug in the Magram Village in Desolace.', 'The Kolkar fear the $C now! I hope it laughed when it killed them. It is better to laugh when the $C kill, so the enemy can see he is weak.', 'One $C is afraid of the Kolkar? Why does it came back then ? The $C must  hurry and kill Kolkar before they are dead!', '', '', '', '', '', '0', '0', '0', '0', '0', '0', '0', '0', '0', '0', '0', '0', '0', '0', '0', '0', '4632', '4633', '4634', '0', '8', '8', '5', '0', '0', '0', '0', '0', '0', '0', '0', '0', '0', '0', '0', '0', '0', '0', '0', '0', '0', '0', '0', '0', '0', '0', '0', '0', '93', '92', '0', '0', '0', '500', '-2000', '0', '0', '0', '2250', '0', '1560', '0', '0', '0', '0', '0', '0', '0', '0', '0', '0', '0', '0', '0', '0', '0', '0', '0', '0', '1', '0', '0', '0', '0', '0', '0', '0', '0', '0', '0');
DELETE FROM `reforged_mangos`.`quest_template` WHERE (`entry` = '1369') and (`patch` = '0');
INSERT INTO `reforged_mangos`.`quest_template` (`entry`, `patch`, `Method`, `ZoneOrSort`, `MinLevel`, `MaxLevel`, `QuestLevel`, `Type`, `RequiredClasses`, `RequiredRaces`, `RequiredSkill`, `RequiredSkillValue`, `RepObjectiveFaction`, `RepObjectiveValue`, `RequiredMinRepFaction`, `RequiredMinRepValue`, `RequiredMaxRepFaction`, `RequiredMaxRepValue`, `SuggestedPlayers`, `LimitTime`, `QuestFlags`, `SpecialFlags`, `PrevQuestId`, `NextQuestId`, `ExclusiveGroup`, `NextQuestInChain`, `SrcItemId`, `SrcItemCount`, `SrcSpell`, `Title`, `Details`, `Objectives`, `OfferRewardText`, `RequestItemsText`, `EndText`, `ObjectiveText1`, `ObjectiveText2`, `ObjectiveText3`, `ObjectiveText4`, `ReqItemId1`, `ReqItemId2`, `ReqItemId3`, `ReqItemId4`, `ReqItemCount1`, `ReqItemCount2`, `ReqItemCount3`, `ReqItemCount4`, `ReqSourceId1`, `ReqSourceId2`, `ReqSourceId3`, `ReqSourceId4`, `ReqSourceCount1`, `ReqSourceCount2`, `ReqSourceCount3`, `ReqSourceCount4`, `ReqCreatureOrGOId1`, `ReqCreatureOrGOId2`, `ReqCreatureOrGOId3`, `ReqCreatureOrGOId4`, `ReqCreatureOrGOCount1`, `ReqCreatureOrGOCount2`, `ReqCreatureOrGOCount3`, `ReqCreatureOrGOCount4`, `ReqSpellCast1`, `ReqSpellCast2`, `ReqSpellCast3`, `ReqSpellCast4`, `RewChoiceItemId1`, `RewChoiceItemId2`, `RewChoiceItemId3`, `RewChoiceItemId4`, `RewChoiceItemId5`, `RewChoiceItemId6`, `RewChoiceItemCount1`, `RewChoiceItemCount2`, `RewChoiceItemCount3`, `RewChoiceItemCount4`, `RewChoiceItemCount5`, `RewChoiceItemCount6`, `RewItemId1`, `RewItemId2`, `RewItemId3`, `RewItemId4`, `RewItemCount1`, `RewItemCount2`, `RewItemCount3`, `RewItemCount4`, `RewRepFaction1`, `RewRepFaction2`, `RewRepFaction3`, `RewRepFaction4`, `RewRepFaction5`, `RewRepValue1`, `RewRepValue2`, `RewRepValue3`, `RewRepValue4`, `RewRepValue5`, `RewXP`, `RewOrReqMoney`, `RewMoneyMaxLevel`, `RewSpell`, `RewSpellCast`, `RewMailTemplateId`, `RewMailDelaySecs`, `RewMailMoney`, `PointMapId`, `PointX`, `PointY`, `PointOpt`, `DetailsEmote1`, `DetailsEmote2`, `DetailsEmote3`, `DetailsEmote4`, `DetailsEmoteDelay1`, `DetailsEmoteDelay2`, `DetailsEmoteDelay3`, `DetailsEmoteDelay4`, `IncompleteEmote`, `CompleteEmote`, `OfferRewardEmote1`, `OfferRewardEmote2`, `OfferRewardEmote3`, `OfferRewardEmote4`, `OfferRewardEmoteDelay1`, `OfferRewardEmoteDelay2`, `OfferRewardEmoteDelay3`, `OfferRewardEmoteDelay4`, `StartScript`, `CompleteScript`) VALUES ('1369', '0', '2', '405', '5', '0', '5', '0', '0', '0', '0', '0', '93', '3000', '0', '0', '0', '0', '0', '0', '8', '0', '51007', '0', '0', '0', '0', '0', '0', 'Broken Tears', 'The Gelkis think our centaur mother, Theradras, protects them.  They are stupid.  Nothing protects the centaur.  The Magram do not need protection!  We are the strongest!$B$BThe $C shows the Gelkis they are stupid.  It goes to the cave in their village.  They hoard crystals in that cave, the tears of Theradras. And the $C destroy the tears and bring me the broken pieces!', 'Maintain your reputation with the Magram, and bring 3 Broken Tears to Warug in the Magram Village.', 'The $C got the tears! Now the Gelkis will know that Theradras will not help them. She will not cry when we crush them! The Magram will rule!$B$BSmart is the $C to help us because we are the strongest.', 'If the $C is not our enemy, then it will do what I ask!', '', 'Tears Destroyed', '', '', '', '6083', '0', '0', '0', '3', '0', '0', '0', '0', '0', '0', '0', '0', '0', '0', '0', '0', '0', '0', '0', '0', '0', '0', '0', '0', '0', '0', '0', '0', '0', '0', '0', '0', '0', '0', '0', '0', '0', '0', '0', '0', '0', '0', '0', '0', '0', '0', '0', '93', '92', '0', '0', '0', '500', '-750', '0', '0', '0', '2150', '0', '1620', '0', '0', '0', '0', '0', '0', '0', '0', '0', '0', '0', '0', '0', '0', '0', '0', '0', '0', '1', '0', '0', '0', '0', '0', '0', '0', '0', '0', '0');
INSERT INTO `reforged_mangos`.`quest_template` (`entry`, `patch`, `Method`, `ZoneOrSort`, `MinLevel`, `MaxLevel`, `QuestLevel`, `Type`, `RequiredClasses`, `RequiredRaces`, `RequiredSkill`, `RequiredSkillValue`, `RepObjectiveFaction`, `RepObjectiveValue`, `RequiredMinRepFaction`, `RequiredMinRepValue`, `RequiredMaxRepFaction`, `RequiredMaxRepValue`, `SuggestedPlayers`, `LimitTime`, `QuestFlags`, `SpecialFlags`, `PrevQuestId`, `NextQuestId`, `ExclusiveGroup`, `NextQuestInChain`, `SrcItemId`, `SrcItemCount`, `SrcSpell`, `Title`, `Details`, `Objectives`, `OfferRewardText`, `RequestItemsText`, `EndText`, `ObjectiveText1`, `ObjectiveText2`, `ObjectiveText3`, `ObjectiveText4`, `ReqItemId1`, `ReqItemId2`, `ReqItemId3`, `ReqItemId4`, `ReqItemCount1`, `ReqItemCount2`, `ReqItemCount3`, `ReqItemCount4`, `ReqSourceId1`, `ReqSourceId2`, `ReqSourceId3`, `ReqSourceId4`, `ReqSourceCount1`, `ReqSourceCount2`, `ReqSourceCount3`, `ReqSourceCount4`, `ReqCreatureOrGOId1`, `ReqCreatureOrGOId2`, `ReqCreatureOrGOId3`, `ReqCreatureOrGOId4`, `ReqCreatureOrGOCount1`, `ReqCreatureOrGOCount2`, `ReqCreatureOrGOCount3`, `ReqCreatureOrGOCount4`, `ReqSpellCast1`, `ReqSpellCast2`, `ReqSpellCast3`, `ReqSpellCast4`, `RewChoiceItemId1`, `RewChoiceItemId2`, `RewChoiceItemId3`, `RewChoiceItemId4`, `RewChoiceItemId5`, `RewChoiceItemId6`, `RewChoiceItemCount1`, `RewChoiceItemCount2`, `RewChoiceItemCount3`, `RewChoiceItemCount4`, `RewChoiceItemCount5`, `RewChoiceItemCount6`, `RewItemId1`, `RewItemId2`, `RewItemId3`, `RewItemId4`, `RewItemCount1`, `RewItemCount2`, `RewItemCount3`, `RewItemCount4`, `RewRepFaction1`, `RewRepFaction2`, `RewRepFaction3`, `RewRepFaction4`, `RewRepFaction5`, `RewRepValue1`, `RewRepValue2`, `RewRepValue3`, `RewRepValue4`, `RewRepValue5`, `RewXP`, `RewOrReqMoney`, `RewMoneyMaxLevel`, `RewSpell`, `RewSpellCast`, `RewMailTemplateId`, `RewMailDelaySecs`, `RewMailMoney`, `PointMapId`, `PointX`, `PointY`, `PointOpt`, `DetailsEmote1`, `DetailsEmote2`, `DetailsEmote3`, `DetailsEmote4`, `DetailsEmoteDelay1`, `DetailsEmoteDelay2`, `DetailsEmoteDelay3`, `DetailsEmoteDelay4`, `IncompleteEmote`, `CompleteEmote`, `OfferRewardEmote1`, `OfferRewardEmote2`, `OfferRewardEmote3`, `OfferRewardEmote4`, `OfferRewardEmoteDelay1`, `OfferRewardEmoteDelay2`, `OfferRewardEmoteDelay3`, `OfferRewardEmoteDelay4`, `StartScript`, `CompleteScript`) VALUES ('51005', '0', '2', '405', '5', '0', '5', '0', '0', '0', '0', '0', '93', '0', '0', '0', '0', '0', '0', '0', '8', '0', '1386', '51006', '0', '51006', '0', '0', '0', 'Serving the Magram', 'Our clan heard of everything that happend. It seems that a $C can be usefull to many. The quartermaster wants to speak and he offers many to those who are strongest. He is close to the Khan Tent, on the center of our village.', 'Keep a friendly reputation with the Magram, then speak with Tranwarg the quartermaster.', 'The Magram clan heard many rumors from a $C. Does Warug sent us someone worthy ? ', 'The Magram clan heard many rumors from a $C. Does the $C is strong enough to win more treasure and learn the skill of our tribe ? The Magram Clan and the Theradras, our mother see what one $C can achieve.', '', '', '', '', '', '0', '0', '0', '0', '0', '0', '0', '0', '0', '0', '0', '0', '0', '0', '0', '0', '0', '0', '0', '0', '0', '0', '0', '0', '0', '0', '0', '0', '0', '0', '0', '0', '0', '0', '0', '0', '0', '0', '0', '0', '0', '0', '0', '0', '0', '0', '0', '0', '92', '93', '0', '0', '0', '-2000', '100', '0', '0', '0', '450', '0', '250', '0', '0', '0', '0', '0', '0', '0', '0', '0', '0', '0', '0', '0', '0', '0', '0', '0', '0', '1', '0', '0', '0', '0', '0', '0', '0', '0', '0', '0');
INSERT INTO `reforged_mangos`.`quest_template` (`entry`, `patch`, `Method`, `ZoneOrSort`, `MinLevel`, `MaxLevel`, `QuestLevel`, `Type`, `RequiredClasses`, `RequiredRaces`, `RequiredSkill`, `RequiredSkillValue`, `RepObjectiveFaction`, `RepObjectiveValue`, `RequiredMinRepFaction`, `RequiredMinRepValue`, `RequiredMaxRepFaction`, `RequiredMaxRepValue`, `SuggestedPlayers`, `LimitTime`, `QuestFlags`, `SpecialFlags`, `PrevQuestId`, `NextQuestId`, `ExclusiveGroup`, `NextQuestInChain`, `SrcItemId`, `SrcItemCount`, `SrcSpell`, `Title`, `Details`, `Objectives`, `OfferRewardText`, `RequestItemsText`, `EndText`, `ObjectiveText1`, `ObjectiveText2`, `ObjectiveText3`, `ObjectiveText4`, `ReqItemId1`, `ReqItemId2`, `ReqItemId3`, `ReqItemId4`, `ReqItemCount1`, `ReqItemCount2`, `ReqItemCount3`, `ReqItemCount4`, `ReqSourceId1`, `ReqSourceId2`, `ReqSourceId3`, `ReqSourceId4`, `ReqSourceCount1`, `ReqSourceCount2`, `ReqSourceCount3`, `ReqSourceCount4`, `ReqCreatureOrGOId1`, `ReqCreatureOrGOId2`, `ReqCreatureOrGOId3`, `ReqCreatureOrGOId4`, `ReqCreatureOrGOCount1`, `ReqCreatureOrGOCount2`, `ReqCreatureOrGOCount3`, `ReqCreatureOrGOCount4`, `ReqSpellCast1`, `ReqSpellCast2`, `ReqSpellCast3`, `ReqSpellCast4`, `RewChoiceItemId1`, `RewChoiceItemId2`, `RewChoiceItemId3`, `RewChoiceItemId4`, `RewChoiceItemId5`, `RewChoiceItemId6`, `RewChoiceItemCount1`, `RewChoiceItemCount2`, `RewChoiceItemCount3`, `RewChoiceItemCount4`, `RewChoiceItemCount5`, `RewChoiceItemCount6`, `RewItemId1`, `RewItemId2`, `RewItemId3`, `RewItemId4`, `RewItemCount1`, `RewItemCount2`, `RewItemCount3`, `RewItemCount4`, `RewRepFaction1`, `RewRepFaction2`, `RewRepFaction3`, `RewRepFaction4`, `RewRepFaction5`, `RewRepValue1`, `RewRepValue2`, `RewRepValue3`, `RewRepValue4`, `RewRepValue5`, `RewXP`, `RewOrReqMoney`, `RewMoneyMaxLevel`, `RewSpell`, `RewSpellCast`, `RewMailTemplateId`, `RewMailDelaySecs`, `RewMailMoney`, `PointMapId`, `PointX`, `PointY`, `PointOpt`, `DetailsEmote1`, `DetailsEmote2`, `DetailsEmote3`, `DetailsEmote4`, `DetailsEmoteDelay1`, `DetailsEmoteDelay2`, `DetailsEmoteDelay3`, `DetailsEmoteDelay4`, `IncompleteEmote`, `CompleteEmote`, `OfferRewardEmote1`, `OfferRewardEmote2`, `OfferRewardEmote3`, `OfferRewardEmote4`, `OfferRewardEmoteDelay1`, `OfferRewardEmoteDelay2`, `OfferRewardEmoteDelay3`, `OfferRewardEmoteDelay4`, `StartScript`, `CompleteScript`) VALUES ('51006', '0', '2', '405', '5', '0', '5', '0', '0', '0', '0', '0', '93', '3000', '0', '0', '0', '0', '0', '0', '8', '0', '51005', '0', '0', '0', '0', '0', '0', 'Everything can feed a Centaur', 'The $C needs to do simple task for the Clan. The Magram Clan hunt a lot, but our hunters are killer. But killing don\'t give food, only when the Clan can take what ennemies carry with them. The Clan don\'t ask the $C to take from his own Clan. $B$B But he can take from the creatures that kill our hyenas : the scorpashis. They have tender meat under their belly. The Clan needs many of it.', 'While keeping a friendly reputation with the Magram you need to take scorpashi\'s meat from their corpse, and then bring them to Tranwarg the Magram quartermaster.', 'The Magram Clan heard many rumors from a $C. But the Magram only respect true strenght.', 'The $C returns, but does it has what the Clan must have ?', '', '', '', '', '', '50036', '0', '0', '0', '7', '0', '0', '0', '0', '0', '0', '0', '0', '0', '0', '0', '0', '0', '0', '0', '0', '0', '0', '0', '0', '0', '0', '0', '0', '0', '0', '0', '0', '0', '0', '0', '0', '0', '0', '0', '2289', '0', '0', '0', '1', '0', '0', '0', '92', '93', '0', '0', '0', '-750', '500', '0', '0', '0', '2145', '0', '1985', '0', '0', '0', '0', '0', '0', '0', '0', '0', '0', '0', '0', '0', '0', '0', '0', '0', '0', '1', '0', '0', '0', '0', '0', '0', '0', '0', '0', '0');
INSERT INTO `reforged_mangos`.`quest_template` (`entry`, `patch`, `Method`, `ZoneOrSort`, `MinLevel`, `MaxLevel`, `QuestLevel`, `Type`, `RequiredClasses`, `RequiredRaces`, `RequiredSkill`, `RequiredSkillValue`, `RepObjectiveFaction`, `RepObjectiveValue`, `RequiredMinRepFaction`, `RequiredMinRepValue`, `RequiredMaxRepFaction`, `RequiredMaxRepValue`, `SuggestedPlayers`, `LimitTime`, `QuestFlags`, `SpecialFlags`, `PrevQuestId`, `NextQuestId`, `ExclusiveGroup`, `NextQuestInChain`, `SrcItemId`, `SrcItemCount`, `SrcSpell`, `Title`, `Details`, `Objectives`, `OfferRewardText`, `RequestItemsText`, `EndText`, `ObjectiveText1`, `ObjectiveText2`, `ObjectiveText3`, `ObjectiveText4`, `ReqItemId1`, `ReqItemId2`, `ReqItemId3`, `ReqItemId4`, `ReqItemCount1`, `ReqItemCount2`, `ReqItemCount3`, `ReqItemCount4`, `ReqSourceId1`, `ReqSourceId2`, `ReqSourceId3`, `ReqSourceId4`, `ReqSourceCount1`, `ReqSourceCount2`, `ReqSourceCount3`, `ReqSourceCount4`, `ReqCreatureOrGOId1`, `ReqCreatureOrGOId2`, `ReqCreatureOrGOId3`, `ReqCreatureOrGOId4`, `ReqCreatureOrGOCount1`, `ReqCreatureOrGOCount2`, `ReqCreatureOrGOCount3`, `ReqCreatureOrGOCount4`, `ReqSpellCast1`, `ReqSpellCast2`, `ReqSpellCast3`, `ReqSpellCast4`, `RewChoiceItemId1`, `RewChoiceItemId2`, `RewChoiceItemId3`, `RewChoiceItemId4`, `RewChoiceItemId5`, `RewChoiceItemId6`, `RewChoiceItemCount1`, `RewChoiceItemCount2`, `RewChoiceItemCount3`, `RewChoiceItemCount4`, `RewChoiceItemCount5`, `RewChoiceItemCount6`, `RewItemId1`, `RewItemId2`, `RewItemId3`, `RewItemId4`, `RewItemCount1`, `RewItemCount2`, `RewItemCount3`, `RewItemCount4`, `RewRepFaction1`, `RewRepFaction2`, `RewRepFaction3`, `RewRepFaction4`, `RewRepFaction5`, `RewRepValue1`, `RewRepValue2`, `RewRepValue3`, `RewRepValue4`, `RewRepValue5`, `RewXP`, `RewOrReqMoney`, `RewMoneyMaxLevel`, `RewSpell`, `RewSpellCast`, `RewMailTemplateId`, `RewMailDelaySecs`, `RewMailMoney`, `PointMapId`, `PointX`, `PointY`, `PointOpt`, `DetailsEmote1`, `DetailsEmote2`, `DetailsEmote3`, `DetailsEmote4`, `DetailsEmoteDelay1`, `DetailsEmoteDelay2`, `DetailsEmoteDelay3`, `DetailsEmoteDelay4`, `IncompleteEmote`, `CompleteEmote`, `OfferRewardEmote1`, `OfferRewardEmote2`, `OfferRewardEmote3`, `OfferRewardEmote4`, `OfferRewardEmoteDelay1`, `OfferRewardEmoteDelay2`, `OfferRewardEmoteDelay3`, `OfferRewardEmoteDelay4`, `StartScript`, `CompleteScript`) VALUES ('51008', '0', '2', '405', '5', '0', '5', '0', '0', '0', '0', '0', '93', '3000', '0', '0', '0', '0', '0', '0', '8', '0', '51005', '0', '0', '0', '0', '0', '0', 'Everyone has to help', 'The Magram clan knows that the $C can help. Now that the $C has proven it strenght it needs to proves that it can help all the clan. There is not so much creatures here, not so much materials to do with. But we know that the carrion birds have larges feathers. The clan must have some to craft mighty and powerfull things. The $C brings us some. It must goes now.', 'You need to collect dried feathers on dead carriond bird that lives in Desolace. Then bring 10 of them to the Magram leatherworker.', 'The Magram clan heard many rumors from a $C, are they true ? ', 'The clan once saw big birds in the blue, up to our head.They were in gold and with the colour of our rocks. One can wonder where they came from and what the clan can do with their feathers...', '', '', '', '', '', '50032', '0', '0', '0', '40', '0', '0', '0', '0', '0', '0', '0', '0', '0', '0', '0', '0', '0', '0', '0', '0', '0', '0', '0', '0', '0', '0', '0', '50033', '50034', '50035', '0', '0', '0', '1', '1', '1', '0', '0', '0', '0', '0', '0', '0', '0', '0', '0', '0', '92', '93', '0', '0', '0', '-750', '500', '0', '0', '0', '2150', '0', '1750', '0', '0', '0', '0', '0', '0', '0', '0', '0', '0', '0', '0', '0', '0', '0', '0', '0', '0', '1', '0', '0', '0', '0', '0', '0', '0', '0', '0', '0');
INSERT INTO `reforged_mangos`.`quest_template` (`entry`, `patch`, `Method`, `ZoneOrSort`, `MinLevel`, `MaxLevel`, `QuestLevel`, `Type`, `RequiredClasses`, `RequiredRaces`, `RequiredSkill`, `RequiredSkillValue`, `RepObjectiveFaction`, `RepObjectiveValue`, `RequiredMinRepFaction`, `RequiredMinRepValue`, `RequiredMaxRepFaction`, `RequiredMaxRepValue`, `SuggestedPlayers`, `LimitTime`, `QuestFlags`, `SpecialFlags`, `PrevQuestId`, `NextQuestId`, `ExclusiveGroup`, `NextQuestInChain`, `SrcItemId`, `SrcItemCount`, `SrcSpell`, `Title`, `Details`, `Objectives`, `OfferRewardText`, `RequestItemsText`, `EndText`, `ObjectiveText1`, `ObjectiveText2`, `ObjectiveText3`, `ObjectiveText4`, `ReqItemId1`, `ReqItemId2`, `ReqItemId3`, `ReqItemId4`, `ReqItemCount1`, `ReqItemCount2`, `ReqItemCount3`, `ReqItemCount4`, `ReqSourceId1`, `ReqSourceId2`, `ReqSourceId3`, `ReqSourceId4`, `ReqSourceCount1`, `ReqSourceCount2`, `ReqSourceCount3`, `ReqSourceCount4`, `ReqCreatureOrGOId1`, `ReqCreatureOrGOId2`, `ReqCreatureOrGOId3`, `ReqCreatureOrGOId4`, `ReqCreatureOrGOCount1`, `ReqCreatureOrGOCount2`, `ReqCreatureOrGOCount3`, `ReqCreatureOrGOCount4`, `ReqSpellCast1`, `ReqSpellCast2`, `ReqSpellCast3`, `ReqSpellCast4`, `RewChoiceItemId1`, `RewChoiceItemId2`, `RewChoiceItemId3`, `RewChoiceItemId4`, `RewChoiceItemId5`, `RewChoiceItemId6`, `RewChoiceItemCount1`, `RewChoiceItemCount2`, `RewChoiceItemCount3`, `RewChoiceItemCount4`, `RewChoiceItemCount5`, `RewChoiceItemCount6`, `RewItemId1`, `RewItemId2`, `RewItemId3`, `RewItemId4`, `RewItemCount1`, `RewItemCount2`, `RewItemCount3`, `RewItemCount4`, `RewRepFaction1`, `RewRepFaction2`, `RewRepFaction3`, `RewRepFaction4`, `RewRepFaction5`, `RewRepValue1`, `RewRepValue2`, `RewRepValue3`, `RewRepValue4`, `RewRepValue5`, `RewXP`, `RewOrReqMoney`, `RewMoneyMaxLevel`, `RewSpell`, `RewSpellCast`, `RewMailTemplateId`, `RewMailDelaySecs`, `RewMailMoney`, `PointMapId`, `PointX`, `PointY`, `PointOpt`, `DetailsEmote1`, `DetailsEmote2`, `DetailsEmote3`, `DetailsEmote4`, `DetailsEmoteDelay1`, `DetailsEmoteDelay2`, `DetailsEmoteDelay3`, `DetailsEmoteDelay4`, `IncompleteEmote`, `CompleteEmote`, `OfferRewardEmote1`, `OfferRewardEmote2`, `OfferRewardEmote3`, `OfferRewardEmote4`, `OfferRewardEmoteDelay1`, `OfferRewardEmoteDelay2`, `OfferRewardEmoteDelay3`, `OfferRewardEmoteDelay4`, `StartScript`, `CompleteScript`) VALUES ('51007', '0', '2', '405', '5', '0', '5', '0', '0', '0', '0', '0', '93', '3000', '0', '0', '0', '0', '0', '0', '8', '0', '51005', '0', '0', '0', '0', '0', '0', 'Strenght above magic ', 'The Gelkis are cunning, they use tricks and magic against the Magram Clan. This is because the Gelkis are weak ! But we know how to counter them : the demon\'s pet drains magic force and the Magram Clan knows that the horns are doing this.$B$B  The $C must take three times the fingers in horns. With them the Magram Clan smashs the Gelkis !', 'While keeping a friendly reputation with the Magram you need to take the 15 horns from the demons hunters, and then bring them to Tranwarg the Magram quartermaster.', 'The Magram Clan smashs the Gelkis, but magic kill many of the Magram, it can goes that way.', 'The $C returns, but does it has what the Clan must have ?', '', '', '', '', '', '50037', '0', '0', '0', '15', '0', '0', '0', '0', '0', '0', '0', '0', '0', '0', '0', '0', '0', '0', '0', '0', '0', '0', '0', '0', '0', '0', '0', '0', '0', '0', '0', '0', '0', '0', '0', '0', '0', '0', '0', '0', '0', '0', '0', '0', '0', '0', '0', '92', '93', '0', '0', '0', '-750', '500', '0', '0', '0', '2145', '0', '1985', '0', '0', '0', '0', '0', '0', '0', '0', '0', '0', '0', '0', '0', '0', '0', '0', '0', '0', '1', '0', '0', '0', '0', '0', '0', '0', '0', '0', '0');
INSERT INTO `reforged_mangos`.`quest_template` (`entry`, `patch`, `Method`, `ZoneOrSort`, `MinLevel`, `MaxLevel`, `QuestLevel`, `Type`, `RequiredClasses`, `RequiredRaces`, `RequiredSkill`, `RequiredSkillValue`, `RepObjectiveFaction`, `RepObjectiveValue`, `RequiredMinRepFaction`, `RequiredMinRepValue`, `RequiredMaxRepFaction`, `RequiredMaxRepValue`, `SuggestedPlayers`, `LimitTime`, `QuestFlags`, `SpecialFlags`, `PrevQuestId`, `NextQuestId`, `ExclusiveGroup`, `NextQuestInChain`, `SrcItemId`, `SrcItemCount`, `SrcSpell`, `Title`, `Details`, `Objectives`, `OfferRewardText`, `RequestItemsText`, `EndText`, `ObjectiveText1`, `ObjectiveText2`, `ObjectiveText3`, `ObjectiveText4`, `ReqItemId1`, `ReqItemId2`, `ReqItemId3`, `ReqItemId4`, `ReqItemCount1`, `ReqItemCount2`, `ReqItemCount3`, `ReqItemCount4`, `ReqSourceId1`, `ReqSourceId2`, `ReqSourceId3`, `ReqSourceId4`, `ReqSourceCount1`, `ReqSourceCount2`, `ReqSourceCount3`, `ReqSourceCount4`, `ReqCreatureOrGOId1`, `ReqCreatureOrGOId2`, `ReqCreatureOrGOId3`, `ReqCreatureOrGOId4`, `ReqCreatureOrGOCount1`, `ReqCreatureOrGOCount2`, `ReqCreatureOrGOCount3`, `ReqCreatureOrGOCount4`, `ReqSpellCast1`, `ReqSpellCast2`, `ReqSpellCast3`, `ReqSpellCast4`, `RewChoiceItemId1`, `RewChoiceItemId2`, `RewChoiceItemId3`, `RewChoiceItemId4`, `RewChoiceItemId5`, `RewChoiceItemId6`, `RewChoiceItemCount1`, `RewChoiceItemCount2`, `RewChoiceItemCount3`, `RewChoiceItemCount4`, `RewChoiceItemCount5`, `RewChoiceItemCount6`, `RewItemId1`, `RewItemId2`, `RewItemId3`, `RewItemId4`, `RewItemCount1`, `RewItemCount2`, `RewItemCount3`, `RewItemCount4`, `RewRepFaction1`, `RewRepFaction2`, `RewRepFaction3`, `RewRepFaction4`, `RewRepFaction5`, `RewRepValue1`, `RewRepValue2`, `RewRepValue3`, `RewRepValue4`, `RewRepValue5`, `RewXP`, `RewOrReqMoney`, `RewMoneyMaxLevel`, `RewSpell`, `RewSpellCast`, `RewMailTemplateId`, `RewMailDelaySecs`, `RewMailMoney`, `PointMapId`, `PointX`, `PointY`, `PointOpt`, `DetailsEmote1`, `DetailsEmote2`, `DetailsEmote3`, `DetailsEmote4`, `DetailsEmoteDelay1`, `DetailsEmoteDelay2`, `DetailsEmoteDelay3`, `DetailsEmoteDelay4`, `IncompleteEmote`, `CompleteEmote`, `OfferRewardEmote1`, `OfferRewardEmote2`, `OfferRewardEmote3`, `OfferRewardEmote4`, `OfferRewardEmoteDelay1`, `OfferRewardEmoteDelay2`, `OfferRewardEmoteDelay3`, `OfferRewardEmoteDelay4`, `StartScript`, `CompleteScript`) VALUES ('51009', '0', '2', '405', '5', '0', '6', '0', '0', '0', '0', '0', '93', '3000', '0', '0', '0', '0', '0', '0', '8', '0', '51007', '51010', '0', '51010', '0', '0', '0', 'A Compromised Departure', 'The $C helped the Magram Clan. But our life is not always about fighting. The Magram has built itself on the idea of Magram the third son. His ghost belong in Maraudon but Magram had a son, Khiron. The $C will talk to him, bring him the Magram respect and a Gift that the $C need to trade for it. The $C must go and learn. The path to him if full of dangers and necromancers, they are an insult to the clan, kill them.', 'While keeping a friendly reputation with the Magram you need to meet Khiron in the Valley of Bones while killing 5 Outcast Necromancers.', 'Khiron sees power in the $C, why does it came to talk with a ghost from the past ?', 'The $C have a task, does not he ? The necromancers here are disturbing this land and our ancestor, bring the Magram Ghosts a bit of peace and we will talk.', '', '', '', '', '', '50042', '0', '0', '0', '1', '0', '0', '0', '0', '0', '0', '0', '0', '0', '0', '0', '11559', '0', '0', '0', '5', '0', '0', '0', '0', '0', '0', '0', '0', '0', '0', '0', '0', '0', '0', '0', '0', '0', '0', '0', '0', '0', '0', '0', '0', '0', '0', '0', '92', '93', '0', '0', '0', '-750', '500', '0', '0', '0', '1950', '0', '1585', '0', '0', '0', '0', '0', '0', '0', '0', '0', '0', '0', '0', '0', '0', '0', '0', '0', '0', '1', '0', '0', '0', '0', '0', '0', '0', '0', '0', '0');
		-- Adding  Desolace Quest for Magram Neutral to Friendly Questrelation and involvedrelation--
INSERT INTO `reforged_mangos`.`creature_questrelation` (`id`, `quest`, `patch_min`, `patch_max`) VALUES ('5398', '51004', '0', '10');
INSERT INTO `reforged_mangos`.`creature_questrelation` (`id`, `quest`, `patch_min`, `patch_max`) VALUES ('5398', '51005', '0', '10');
INSERT INTO `reforged_mangos`.`creature_questrelation` (`id`, `quest`, `patch_min`, `patch_max`) VALUES ('1000009', '51006', '0', '10');
INSERT INTO `reforged_mangos`.`creature_questrelation` (`id`, `quest`, `patch_min`, `patch_max`) VALUES ('1000009', '51007', '0', '10');
INSERT INTO `reforged_mangos`.`creature_questrelation` (`id`, `quest`, `patch_min`, `patch_max`) VALUES ('1000008', '51008', '0', '10');
INSERT INTO `reforged_mangos`.`creature_questrelation` (`id`, `quest`, `patch_min`, `patch_max`) VALUES ('1000009', '51009', '0', '10');
INSERT INTO `reforged_mangos`.`creature_involvedrelation` (`id`, `quest`, `patch_min`, `patch_max`) VALUES ('5398', '51004', '0', '10');
INSERT INTO `reforged_mangos`.`creature_involvedrelation` (`id`, `quest`, `patch_min`, `patch_max`) VALUES ('1000009', '51005', '0', '10');
INSERT INTO `reforged_mangos`.`creature_involvedrelation` (`id`, `quest`, `patch_min`, `patch_max`) VALUES ('1000009', '51006', '0', '10');
INSERT INTO `reforged_mangos`.`creature_involvedrelation` (`id`, `quest`, `patch_min`, `patch_max`) VALUES ('1000009', '51007', '0', '10');
INSERT INTO `reforged_mangos`.`creature_involvedrelation` (`id`, `quest`, `patch_min`, `patch_max`) VALUES ('1000008', '51008', '0', '10');
INSERT INTO `reforged_mangos`.`creature_involvedrelation` (`id`, `quest`, `patch_min`, `patch_max`) VALUES ('1000013', '51009', '0', '10');
		-- Adding  Desolace Quest for Magram Neutral to Friendly QuestItem required--
INSERT INTO `reforged_mangos`.`item_template` (`entry`, `patch`, `class`, `subclass`, `name`, `description`, `display_id`, `quality`, `flags`, `buy_count`, `buy_price`, `sell_price`, `inventory_type`, `allowable_class`, `allowable_race`, `item_level`, `required_level`, `required_skill`, `required_skill_rank`, `required_spell`, `required_honor_rank`, `required_city_rank`, `required_reputation_faction`, `required_reputation_rank`, `max_count`, `stackable`, `container_slots`, `stat_type1`, `stat_value1`, `stat_type2`, `stat_value2`, `stat_type3`, `stat_value3`, `stat_type4`, `stat_value4`, `stat_type5`, `stat_value5`, `stat_type6`, `stat_value6`, `stat_type7`, `stat_value7`, `stat_type8`, `stat_value8`, `stat_type9`, `stat_value9`, `stat_type10`, `stat_value10`, `delay`, `range_mod`, `ammo_type`, `dmg_min1`, `dmg_max1`, `dmg_type1`, `dmg_min2`, `dmg_max2`, `dmg_type2`, `dmg_min3`, `dmg_max3`, `dmg_type3`, `dmg_min4`, `dmg_max4`, `dmg_type4`, `dmg_min5`, `dmg_max5`, `dmg_type5`, `block`, `armor`, `holy_res`, `fire_res`, `nature_res`, `frost_res`, `shadow_res`, `arcane_res`, `spellid_1`, `spelltrigger_1`, `spellcharges_1`, `spellppmrate_1`, `spellcooldown_1`, `spellcategory_1`, `spellcategorycooldown_1`, `spellid_2`, `spelltrigger_2`, `spellcharges_2`, `spellppmrate_2`, `spellcooldown_2`, `spellcategory_2`, `spellcategorycooldown_2`, `spellid_3`, `spelltrigger_3`, `spellcharges_3`, `spellppmrate_3`, `spellcooldown_3`, `spellcategory_3`, `spellcategorycooldown_3`, `spellid_4`, `spelltrigger_4`, `spellcharges_4`, `spellppmrate_4`, `spellcooldown_4`, `spellcategory_4`, `spellcategorycooldown_4`, `spellid_5`, `spelltrigger_5`, `spellcharges_5`, `spellppmrate_5`, `spellcooldown_5`, `spellcategory_5`, `spellcategorycooldown_5`, `bonding`, `page_text`, `page_language`, `page_material`, `start_quest`, `lock_id`, `material`, `sheath`, `random_property`, `set_id`, `max_durability`, `area_bound`, `map_bound`, `duration`, `bag_family`, `disenchant_id`, `food_type`, `min_money_loot`, `max_money_loot`, `extra_flags`, `other_team_entry`) VALUES ('50031', '0', '12', '0', 'Burning Blade Insignia', '', '22952', '1', '0', '1', '0', '0', '0', '-1', '-1', '1', '0', '0', '0', '0', '0', '0', '0', '0', '15', '20', '0', '0', '0', '0', '0', '0', '0', '0', '0', '0', '0', '0', '0', '0', '0', '0', '0', '0', '0', '0', '0', '0', '0', '0', '0', '0', '0', '0', '0', '0', '0', '0', '0', '0', '0', '0', '0', '0', '0', '0', '0', '0', '0', '0', '0', '0', '0', '0', '0', '0', '0', '-1', '0', '-1', '0', '0', '0', '0', '-1', '0', '-1', '0', '0', '0', '0', '-1', '0', '-1', '0', '0', '0', '0', '-1', '0', '-1', '0', '0', '0', '0', '0', '0', '0', '4', '0', '0', '0', '0', '0', '0', '0', '0', '0', '0', '0', '0', '0', '0', '0', '0', '0', '0', '0', '1');
INSERT INTO `reforged_mangos`.`item_template` (`entry`, `patch`, `class`, `subclass`, `name`, `description`, `display_id`, `quality`, `flags`, `buy_count`, `buy_price`, `sell_price`, `inventory_type`, `allowable_class`, `allowable_race`, `item_level`, `required_level`, `required_skill`, `required_skill_rank`, `required_spell`, `required_honor_rank`, `required_city_rank`, `required_reputation_faction`, `required_reputation_rank`, `max_count`, `stackable`, `container_slots`, `stat_type1`, `stat_value1`, `stat_type2`, `stat_value2`, `stat_type3`, `stat_value3`, `stat_type4`, `stat_value4`, `stat_type5`, `stat_value5`, `stat_type6`, `stat_value6`, `stat_type7`, `stat_value7`, `stat_type8`, `stat_value8`, `stat_type9`, `stat_value9`, `stat_type10`, `stat_value10`, `delay`, `range_mod`, `ammo_type`, `dmg_min1`, `dmg_max1`, `dmg_type1`, `dmg_min2`, `dmg_max2`, `dmg_type2`, `dmg_min3`, `dmg_max3`, `dmg_type3`, `dmg_min4`, `dmg_max4`, `dmg_type4`, `dmg_min5`, `dmg_max5`, `dmg_type5`, `block`, `armor`, `holy_res`, `fire_res`, `nature_res`, `frost_res`, `shadow_res`, `arcane_res`, `spellid_1`, `spelltrigger_1`, `spellcharges_1`, `spellppmrate_1`, `spellcooldown_1`, `spellcategory_1`, `spellcategorycooldown_1`, `spellid_2`, `spelltrigger_2`, `spellcharges_2`, `spellppmrate_2`, `spellcooldown_2`, `spellcategory_2`, `spellcategorycooldown_2`, `spellid_3`, `spelltrigger_3`, `spellcharges_3`, `spellppmrate_3`, `spellcooldown_3`, `spellcategory_3`, `spellcategorycooldown_3`, `spellid_4`, `spelltrigger_4`, `spellcharges_4`, `spellppmrate_4`, `spellcooldown_4`, `spellcategory_4`, `spellcategorycooldown_4`, `spellid_5`, `spelltrigger_5`, `spellcharges_5`, `spellppmrate_5`, `spellcooldown_5`, `spellcategory_5`, `spellcategorycooldown_5`, `bonding`, `page_text`, `page_language`, `page_material`, `start_quest`, `lock_id`, `material`, `sheath`, `random_property`, `set_id`, `max_durability`, `area_bound`, `map_bound`, `duration`, `bag_family`, `disenchant_id`, `food_type`, `min_money_loot`, `max_money_loot`, `extra_flags`, `other_team_entry`) VALUES ('50032', '0', '15', '0', 'Dried Feather', 'A commun leatherworker could not craft anything with such material', '19531', '1', '64', '1', '0', '0', '0', '-1', '-1', '1', '0', '0', '0', '0', '0', '0', '0', '0', '0', '40', '20', '0', '0', '0', '0', '0', '0', '0', '0', '0', '0', '0', '0', '0', '0', '0', '0', '0', '0', '0', '0', '0', '0', '0', '0', '0', '0', '0', '0', '0', '0', '0', '0', '0', '0', '0', '0', '0', '0', '0', '0', '0', '0', '0', '0', '0', '0', '0', '0', '0', '0', '-1', '0', '-1', '0', '0', '0', '0', '-1', '0', '-1', '0', '0', '0', '0', '-1', '0', '-1', '0', '0', '0', '0', '-1', '0', '-1', '0', '0', '0', '0', '0', '0', '0', '0', '0', '0', '0', '0', '0', '0', '0', '0', '0', '0', '0', '0', '0', '0', '0', '0', '0', '0', '0', '1');
INSERT INTO `reforged_mangos`.`item_template` (`entry`, `patch`, `class`, `subclass`, `name`, `description`, `display_id`, `quality`, `flags`, `buy_count`, `buy_price`, `sell_price`, `inventory_type`, `allowable_class`, `allowable_race`, `item_level`, `required_level`, `required_skill`, `required_skill_rank`, `required_spell`, `required_honor_rank`, `required_city_rank`, `required_reputation_faction`, `required_reputation_rank`, `max_count`, `stackable`, `container_slots`, `stat_type1`, `stat_value1`, `stat_type2`, `stat_value2`, `stat_type3`, `stat_value3`, `stat_type4`, `stat_value4`, `stat_type5`, `stat_value5`, `stat_type6`, `stat_value6`, `stat_type7`, `stat_value7`, `stat_type8`, `stat_value8`, `stat_type9`, `stat_value9`, `stat_type10`, `stat_value10`, `delay`, `range_mod`, `ammo_type`, `dmg_min1`, `dmg_max1`, `dmg_type1`, `dmg_min2`, `dmg_max2`, `dmg_type2`, `dmg_min3`, `dmg_max3`, `dmg_type3`, `dmg_min4`, `dmg_max4`, `dmg_type4`, `dmg_min5`, `dmg_max5`, `dmg_type5`, `block`, `armor`, `holy_res`, `fire_res`, `nature_res`, `frost_res`, `shadow_res`, `arcane_res`, `spellid_1`, `spelltrigger_1`, `spellcharges_1`, `spellppmrate_1`, `spellcooldown_1`, `spellcategory_1`, `spellcategorycooldown_1`, `spellid_2`, `spelltrigger_2`, `spellcharges_2`, `spellppmrate_2`, `spellcooldown_2`, `spellcategory_2`, `spellcategorycooldown_2`, `spellid_3`, `spelltrigger_3`, `spellcharges_3`, `spellppmrate_3`, `spellcooldown_3`, `spellcategory_3`, `spellcategorycooldown_3`, `spellid_4`, `spelltrigger_4`, `spellcharges_4`, `spellppmrate_4`, `spellcooldown_4`, `spellcategory_4`, `spellcategorycooldown_4`, `spellid_5`, `spelltrigger_5`, `spellcharges_5`, `spellppmrate_5`, `spellcooldown_5`, `spellcategory_5`, `spellcategorycooldown_5`, `bonding`, `page_text`, `page_language`, `page_material`, `start_quest`, `lock_id`, `material`, `sheath`, `random_property`, `set_id`, `max_durability`, `area_bound`, `map_bound`, `duration`, `bag_family`, `disenchant_id`, `food_type`, `min_money_loot`, `max_money_loot`, `extra_flags`, `other_team_entry`) VALUES ('50036', '0', '7', '0', 'Scorpashi Tender Meat', '', '25480', '1', '0', '0', '0', '0', '0', '-1', '-1', '5', '0', '0', '0', '0', '0', '0', '0', '0', '9', '20', '0', '0', '0', '0', '0', '0', '0', '0', '0', '0', '0', '0', '0', '0', '0', '0', '0', '0', '0', '0', '0', '0', '0', '0', '0', '0', '0', '0', '0', '0', '0', '0', '0', '0', '0', '0', '0', '0', '0', '0', '0', '0', '0', '0', '0', '0', '0', '0', '0', '0', '0', '-1', '0', '-1', '0', '0', '0', '0', '-1', '0', '-1', '0', '0', '0', '0', '-1', '0', '-1', '0', '0', '0', '0', '-1', '0', '-1', '0', '0', '0', '0', '0', '0', '0', '4', '0', '0', '0', '0', '0', '0', '0', '0', '0', '0', '0', '0', '0', '0', '0', '0', '0', '0', '0', '1');
INSERT INTO `reforged_mangos`.`item_template` (`entry`, `patch`, `class`, `subclass`, `name`, `description`, `display_id`, `quality`, `flags`, `buy_count`, `buy_price`, `sell_price`, `inventory_type`, `allowable_class`, `allowable_race`, `item_level`, `required_level`, `required_skill`, `required_skill_rank`, `required_spell`, `required_honor_rank`, `required_city_rank`, `required_reputation_faction`, `required_reputation_rank`, `max_count`, `stackable`, `container_slots`, `stat_type1`, `stat_value1`, `stat_type2`, `stat_value2`, `stat_type3`, `stat_value3`, `stat_type4`, `stat_value4`, `stat_type5`, `stat_value5`, `stat_type6`, `stat_value6`, `stat_type7`, `stat_value7`, `stat_type8`, `stat_value8`, `stat_type9`, `stat_value9`, `stat_type10`, `stat_value10`, `delay`, `range_mod`, `ammo_type`, `dmg_min1`, `dmg_max1`, `dmg_type1`, `dmg_min2`, `dmg_max2`, `dmg_type2`, `dmg_min3`, `dmg_max3`, `dmg_type3`, `dmg_min4`, `dmg_max4`, `dmg_type4`, `dmg_min5`, `dmg_max5`, `dmg_type5`, `block`, `armor`, `holy_res`, `fire_res`, `nature_res`, `frost_res`, `shadow_res`, `arcane_res`, `spellid_1`, `spelltrigger_1`, `spellcharges_1`, `spellppmrate_1`, `spellcooldown_1`, `spellcategory_1`, `spellcategorycooldown_1`, `spellid_2`, `spelltrigger_2`, `spellcharges_2`, `spellppmrate_2`, `spellcooldown_2`, `spellcategory_2`, `spellcategorycooldown_2`, `spellid_3`, `spelltrigger_3`, `spellcharges_3`, `spellppmrate_3`, `spellcooldown_3`, `spellcategory_3`, `spellcategorycooldown_3`, `spellid_4`, `spelltrigger_4`, `spellcharges_4`, `spellppmrate_4`, `spellcooldown_4`, `spellcategory_4`, `spellcategorycooldown_4`, `spellid_5`, `spelltrigger_5`, `spellcharges_5`, `spellppmrate_5`, `spellcooldown_5`, `spellcategory_5`, `spellcategorycooldown_5`, `bonding`, `page_text`, `page_language`, `page_material`, `start_quest`, `lock_id`, `material`, `sheath`, `random_property`, `set_id`, `max_durability`, `area_bound`, `map_bound`, `duration`, `bag_family`, `disenchant_id`, `food_type`, `min_money_loot`, `max_money_loot`, `extra_flags`, `other_team_entry`) VALUES ('50037', '0', '12', '0', 'Fel Hunter Horn', '', '7089', '1', '0', '1', '0', '0', '0', '-1', '-1', '1', '0', '0', '0', '0', '0', '0', '0', '0', '0', '20', '20', '0', '0', '0', '0', '0', '0', '0', '0', '0', '0', '0', '0', '0', '0', '0', '0', '0', '0', '0', '0', '0', '0', '0', '0', '0', '0', '0', '0', '0', '0', '0', '0', '0', '0', '0', '0', '0', '0', '0', '0', '0', '0', '0', '0', '0', '0', '0', '0', '0', '0', '-1', '0', '-1', '0', '0', '0', '0', '-1', '0', '-1', '0', '0', '0', '0', '-1', '0', '-1', '0', '0', '0', '0', '-1', '0', '-1', '0', '0', '0', '0', '0', '0', '0', '4', '0', '0', '0', '0', '0', '0', '0', '0', '0', '0', '0', '0', '0', '0', '0', '0', '0', '0', '0', '1');
INSERT INTO `reforged_mangos`.`item_template` (`entry`, `patch`, `class`, `subclass`, `name`, `description`, `display_id`, `quality`, `flags`, `buy_count`, `buy_price`, `sell_price`, `inventory_type`, `allowable_class`, `allowable_race`, `item_level`, `required_level`, `required_skill`, `required_skill_rank`, `required_spell`, `required_honor_rank`, `required_city_rank`, `required_reputation_faction`, `required_reputation_rank`, `max_count`, `stackable`, `container_slots`, `stat_type1`, `stat_value1`, `stat_type2`, `stat_value2`, `stat_type3`, `stat_value3`, `stat_type4`, `stat_value4`, `stat_type5`, `stat_value5`, `stat_type6`, `stat_value6`, `stat_type7`, `stat_value7`, `stat_type8`, `stat_value8`, `stat_type9`, `stat_value9`, `stat_type10`, `stat_value10`, `delay`, `range_mod`, `ammo_type`, `dmg_min1`, `dmg_max1`, `dmg_type1`, `dmg_min2`, `dmg_max2`, `dmg_type2`, `dmg_min3`, `dmg_max3`, `dmg_type3`, `dmg_min4`, `dmg_max4`, `dmg_type4`, `dmg_min5`, `dmg_max5`, `dmg_type5`, `block`, `armor`, `holy_res`, `fire_res`, `nature_res`, `frost_res`, `shadow_res`, `arcane_res`, `spellid_1`, `spelltrigger_1`, `spellcharges_1`, `spellppmrate_1`, `spellcooldown_1`, `spellcategory_1`, `spellcategorycooldown_1`, `spellid_2`, `spelltrigger_2`, `spellcharges_2`, `spellppmrate_2`, `spellcooldown_2`, `spellcategory_2`, `spellcategorycooldown_2`, `spellid_3`, `spelltrigger_3`, `spellcharges_3`, `spellppmrate_3`, `spellcooldown_3`, `spellcategory_3`, `spellcategorycooldown_3`, `spellid_4`, `spelltrigger_4`, `spellcharges_4`, `spellppmrate_4`, `spellcooldown_4`, `spellcategory_4`, `spellcategorycooldown_4`, `spellid_5`, `spelltrigger_5`, `spellcharges_5`, `spellppmrate_5`, `spellcooldown_5`, `spellcategory_5`, `spellcategorycooldown_5`, `bonding`, `page_text`, `page_language`, `page_material`, `start_quest`, `lock_id`, `material`, `sheath`, `random_property`, `set_id`, `max_durability`, `area_bound`, `map_bound`, `duration`, `bag_family`, `disenchant_id`, `food_type`, `min_money_loot`, `max_money_loot`, `extra_flags`, `other_team_entry`) VALUES ('50042', '0', '0', '0', 'Gift For The Ancestor', 'A ritual candle and some meat packed in leather.', '6623', '1', '0', '1', '0', '0', '0', '-1', '-1', '1', '0', '0', '0', '0', '0', '0', '0', '0', '1', '1', '0', '0', '0', '0', '0', '0', '0', '0', '0', '0', '0', '0', '0', '0', '0', '0', '0', '0', '0', '0', '0', '0', '0', '0', '0', '0', '0', '0', '0', '0', '0', '0', '0', '0', '0', '0', '0', '0', '0', '0', '0', '0', '0', '0', '0', '0', '0', '0', '0', '0', '0', '-1', '0', '-1', '0', '0', '0', '0', '-1', '0', '-1', '0', '0', '0', '0', '-1', '0', '-1', '0', '0', '0', '0', '-1', '0', '-1', '0', '0', '0', '0', '0', '0', '0', '1', '0', '0', '0', '0', '0', '0', '0', '0', '0', '0', '0', '0', '0', '0', '0', '0', '0', '0', '0', '1');
		-- Adding  Desolace Quest for Magram Neutral to Friendly QuestReward for 51008 --
INSERT INTO `reforged_mangos`.`item_template` (`entry`, `patch`, `class`, `subclass`, `name`, `description`, `display_id`, `quality`, `flags`, `buy_count`, `buy_price`, `sell_price`, `inventory_type`, `allowable_class`, `allowable_race`, `item_level`, `required_level`, `required_skill`, `required_skill_rank`, `required_spell`, `required_honor_rank`, `required_city_rank`, `required_reputation_faction`, `required_reputation_rank`, `max_count`, `stackable`, `container_slots`, `stat_type1`, `stat_value1`, `stat_type2`, `stat_value2`, `stat_type3`, `stat_value3`, `stat_type4`, `stat_value4`, `stat_type5`, `stat_value5`, `stat_type6`, `stat_value6`, `stat_type7`, `stat_value7`, `stat_type8`, `stat_value8`, `stat_type9`, `stat_value9`, `stat_type10`, `stat_value10`, `delay`, `range_mod`, `ammo_type`, `dmg_min1`, `dmg_max1`, `dmg_type1`, `dmg_min2`, `dmg_max2`, `dmg_type2`, `dmg_min3`, `dmg_max3`, `dmg_type3`, `dmg_min4`, `dmg_max4`, `dmg_type4`, `dmg_min5`, `dmg_max5`, `dmg_type5`, `block`, `armor`, `holy_res`, `fire_res`, `nature_res`, `frost_res`, `shadow_res`, `arcane_res`, `spellid_1`, `spelltrigger_1`, `spellcharges_1`, `spellppmrate_1`, `spellcooldown_1`, `spellcategory_1`, `spellcategorycooldown_1`, `spellid_2`, `spelltrigger_2`, `spellcharges_2`, `spellppmrate_2`, `spellcooldown_2`, `spellcategory_2`, `spellcategorycooldown_2`, `spellid_3`, `spelltrigger_3`, `spellcharges_3`, `spellppmrate_3`, `spellcooldown_3`, `spellcategory_3`, `spellcategorycooldown_3`, `spellid_4`, `spelltrigger_4`, `spellcharges_4`, `spellppmrate_4`, `spellcooldown_4`, `spellcategory_4`, `spellcategorycooldown_4`, `spellid_5`, `spelltrigger_5`, `spellcharges_5`, `spellppmrate_5`, `spellcooldown_5`, `spellcategory_5`, `spellcategorycooldown_5`, `bonding`, `page_text`, `page_language`, `page_material`, `start_quest`, `lock_id`, `material`, `sheath`, `random_property`, `set_id`, `max_durability`, `area_bound`, `map_bound`, `duration`, `bag_family`, `disenchant_id`, `food_type`, `min_money_loot`, `max_money_loot`, `extra_flags`, `other_team_entry`) VALUES ('50035', '0', '4', '3', 'Magram Shoulders', 'Probably stolen from a recent raid', '27320', '2', '0', '1', '0', '5605', '3', '-1', '-1', '5', '0', '0', '0', '0', '0', '0', '0', '0', '0', '1', '0', '4', '8', '7', '5', '3', '2', '0', '0', '0', '0', '0', '0', '0', '0', '0', '0', '0', '0', '0', '0', '0', '0', '0', '0', '0', '0', '0', '0', '0', '0', '0', '0', '0', '0', '0', '0', '0', '0', '0', '179', '0', '0', '0', '0', '0', '0', '0', '0', '0', '0', '-1', '0', '-1', '0', '0', '0', '0', '-1', '0', '-1', '0', '0', '0', '0', '-1', '0', '-1', '0', '0', '0', '0', '-1', '0', '-1', '0', '0', '0', '0', '0', '0', '0', '1', '0', '0', '0', '0', '0', '5', '0', '0', '0', '60', '0', '0', '0', '0', '7', '0', '0', '0', '0', '1');
INSERT INTO `reforged_mangos`.`item_template` (`entry`, `patch`, `class`, `subclass`, `name`, `description`, `display_id`, `quality`, `flags`, `buy_count`, `buy_price`, `sell_price`, `inventory_type`, `allowable_class`, `allowable_race`, `item_level`, `required_level`, `required_skill`, `required_skill_rank`, `required_spell`, `required_honor_rank`, `required_city_rank`, `required_reputation_faction`, `required_reputation_rank`, `max_count`, `stackable`, `container_slots`, `stat_type1`, `stat_value1`, `stat_type2`, `stat_value2`, `stat_type3`, `stat_value3`, `stat_type4`, `stat_value4`, `stat_type5`, `stat_value5`, `stat_type6`, `stat_value6`, `stat_type7`, `stat_value7`, `stat_type8`, `stat_value8`, `stat_type9`, `stat_value9`, `stat_type10`, `stat_value10`, `delay`, `range_mod`, `ammo_type`, `dmg_min1`, `dmg_max1`, `dmg_type1`, `dmg_min2`, `dmg_max2`, `dmg_type2`, `dmg_min3`, `dmg_max3`, `dmg_type3`, `dmg_min4`, `dmg_max4`, `dmg_type4`, `dmg_min5`, `dmg_max5`, `dmg_type5`, `block`, `armor`, `holy_res`, `fire_res`, `nature_res`, `frost_res`, `shadow_res`, `arcane_res`, `spellid_1`, `spelltrigger_1`, `spellcharges_1`, `spellppmrate_1`, `spellcooldown_1`, `spellcategory_1`, `spellcategorycooldown_1`, `spellid_2`, `spelltrigger_2`, `spellcharges_2`, `spellppmrate_2`, `spellcooldown_2`, `spellcategory_2`, `spellcategorycooldown_2`, `spellid_3`, `spelltrigger_3`, `spellcharges_3`, `spellppmrate_3`, `spellcooldown_3`, `spellcategory_3`, `spellcategorycooldown_3`, `spellid_4`, `spelltrigger_4`, `spellcharges_4`, `spellppmrate_4`, `spellcooldown_4`, `spellcategory_4`, `spellcategorycooldown_4`, `spellid_5`, `spelltrigger_5`, `spellcharges_5`, `spellppmrate_5`, `spellcooldown_5`, `spellcategory_5`, `spellcategorycooldown_5`, `bonding`, `page_text`, `page_language`, `page_material`, `start_quest`, `lock_id`, `material`, `sheath`, `random_property`, `set_id`, `max_durability`, `area_bound`, `map_bound`, `duration`, `bag_family`, `disenchant_id`, `food_type`, `min_money_loot`, `max_money_loot`, `extra_flags`, `other_team_entry`) VALUES ('50034', '0', '4', '1', 'Cloack made of fresh hide', 'It is made of kodo leather obviously', '33531', '2', '0', '1', '0', '2409', '16', '-1', '-1', '5', '0', '0', '0', '0', '0', '0', '0', '0', '0', '1', '0', '5', '8', '6', '4', '0', '0', '0', '0', '0', '0', '0', '0', '0', '0', '0', '0', '0', '0', '0', '0', '0', '0', '0', '0', '0', '0', '0', '0', '0', '0', '0', '0', '0', '0', '0', '0', '0', '0', '0', '30', '0', '0', '0', '0', '0', '0', '0', '0', '0', '0', '-1', '0', '-1', '0', '0', '0', '0', '-1', '0', '-1', '0', '0', '0', '0', '-1', '0', '-1', '0', '0', '0', '0', '-1', '0', '-1', '0', '0', '0', '0', '0', '0', '0', '1', '0', '0', '0', '0', '0', '7', '0', '0', '0', '0', '0', '0', '0', '0', '7', '0', '0', '0', '0', '1');
INSERT INTO `reforged_mangos`.`item_template` (`entry`, `patch`, `class`, `subclass`, `name`, `description`, `display_id`, `quality`, `flags`, `buy_count`, `buy_price`, `sell_price`, `inventory_type`, `allowable_class`, `allowable_race`, `item_level`, `required_level`, `required_skill`, `required_skill_rank`, `required_spell`, `required_honor_rank`, `required_city_rank`, `required_reputation_faction`, `required_reputation_rank`, `max_count`, `stackable`, `container_slots`, `stat_type1`, `stat_value1`, `stat_type2`, `stat_value2`, `stat_type3`, `stat_value3`, `stat_type4`, `stat_value4`, `stat_type5`, `stat_value5`, `stat_type6`, `stat_value6`, `stat_type7`, `stat_value7`, `stat_type8`, `stat_value8`, `stat_type9`, `stat_value9`, `stat_type10`, `stat_value10`, `delay`, `range_mod`, `ammo_type`, `dmg_min1`, `dmg_max1`, `dmg_type1`, `dmg_min2`, `dmg_max2`, `dmg_type2`, `dmg_min3`, `dmg_max3`, `dmg_type3`, `dmg_min4`, `dmg_max4`, `dmg_type4`, `dmg_min5`, `dmg_max5`, `dmg_type5`, `block`, `armor`, `holy_res`, `fire_res`, `nature_res`, `frost_res`, `shadow_res`, `arcane_res`, `spellid_1`, `spelltrigger_1`, `spellcharges_1`, `spellppmrate_1`, `spellcooldown_1`, `spellcategory_1`, `spellcategorycooldown_1`, `spellid_2`, `spelltrigger_2`, `spellcharges_2`, `spellppmrate_2`, `spellcooldown_2`, `spellcategory_2`, `spellcategorycooldown_2`, `spellid_3`, `spelltrigger_3`, `spellcharges_3`, `spellppmrate_3`, `spellcooldown_3`, `spellcategory_3`, `spellcategorycooldown_3`, `spellid_4`, `spelltrigger_4`, `spellcharges_4`, `spellppmrate_4`, `spellcooldown_4`, `spellcategory_4`, `spellcategorycooldown_4`, `spellid_5`, `spelltrigger_5`, `spellcharges_5`, `spellppmrate_5`, `spellcooldown_5`, `spellcategory_5`, `spellcategorycooldown_5`, `bonding`, `page_text`, `page_language`, `page_material`, `start_quest`, `lock_id`, `material`, `sheath`, `random_property`, `set_id`, `max_durability`, `area_bound`, `map_bound`, `duration`, `bag_family`, `disenchant_id`, `food_type`, `min_money_loot`, `max_money_loot`, `extra_flags`, `other_team_entry`) VALUES ('50033', '0', '4', '2', 'Magram Handcrafted Pants ', '', '22972', '2', '0', '1', '0', '5267', '7', '-1', '-1', '5', '0', '0', '0', '0', '0', '0', '0', '0', '0', '1', '0', '7', '10', '3', '3', '19', '1', '0', '0', '0', '0', '0', '0', '0', '0', '0', '0', '0', '0', '0', '0', '0', '0', '0', '0', '0', '0', '0', '0', '0', '0', '0', '0', '0', '0', '0', '0', '0', '0', '0', '97', '0', '0', '0', '0', '0', '0', '0', '0', '0', '0', '-1', '0', '-1', '0', '0', '0', '0', '-1', '0', '-1', '0', '0', '0', '0', '-1', '0', '-1', '0', '0', '0', '0', '-1', '0', '-1', '0', '0', '0', '0', '0', '0', '0', '1', '0', '0', '0', '0', '0', '8', '0', '0', '0', '75', '0', '0', '0', '0', '7', '0', '0', '0', '0', '1');
		-- Adding  Desolace Quest for Magram Neutral to Friendly QuestItem Loottable --
INSERT INTO `reforged_mangos`.`creature_loot_template` (`entry`, `item`, `ChanceOrQuestChance`, `groupid`, `mincountOrRef`, `maxcount`, `condition_id`, `patch_min`, `patch_max`) VALUES ('4664', '50031', '-95', '0', '1', '1', '0', '0', '10');
INSERT INTO `reforged_mangos`.`creature_loot_template` (`entry`, `item`, `ChanceOrQuestChance`, `groupid`, `mincountOrRef`, `maxcount`, `condition_id`, `patch_min`, `patch_max`) VALUES ('4666', '50031', '-95', '0', '1', '1', '0', '0', '10');
INSERT INTO `reforged_mangos`.`creature_loot_template` (`entry`, `item`, `ChanceOrQuestChance`, `groupid`, `mincountOrRef`, `maxcount`, `condition_id`, `patch_min`, `patch_max`) VALUES ('4663', '50031', '-95', '0', '1', '1', '0', '0', '10');
INSERT INTO `reforged_mangos`.`creature_loot_template` (`entry`, `item`, `ChanceOrQuestChance`, `groupid`, `mincountOrRef`, `maxcount`, `condition_id`, `patch_min`, `patch_max`) VALUES ('4667', '50031', '-95', '0', '1', '1', '0', '0', '10');
INSERT INTO `reforged_mangos`.`creature_loot_template` (`entry`, `item`, `ChanceOrQuestChance`, `groupid`, `mincountOrRef`, `maxcount`, `condition_id`, `patch_min`, `patch_max`) VALUES ('4665', '50031', '-95', '0', '1', '1', '0', '0', '10');
INSERT INTO `reforged_mangos`.`creature_loot_template` (`entry`, `item`, `ChanceOrQuestChance`, `groupid`, `mincountOrRef`, `maxcount`, `condition_id`, `patch_min`, `patch_max`) VALUES ('4693', '50032', '-100', '0', '2', '4', '0', '0', '10');
INSERT INTO `reforged_mangos`.`creature_loot_template` (`entry`, `item`, `ChanceOrQuestChance`, `groupid`, `mincountOrRef`, `maxcount`, `condition_id`, `patch_min`, `patch_max`) VALUES ('4695', '50032', '-100', '0', '2', '5', '0', '0', '10');
INSERT INTO `reforged_mangos`.`creature_loot_template` (`entry`, `item`, `ChanceOrQuestChance`, `groupid`, `mincountOrRef`, `maxcount`, `condition_id`, `patch_min`, `patch_max`) VALUES ('4694', '50032', '-100', '0', '3', '6', '0', '0', '10');
INSERT INTO `reforged_mangos`.`creature_loot_template` (`entry`, `item`, `ChanceOrQuestChance`, `groupid`, `mincountOrRef`, `maxcount`, `condition_id`, `patch_min`, `patch_max`) VALUES ('4692', '50032', '-100', '0', '2', '5', '0', '0', '10');
INSERT INTO `reforged_mangos`.`creature_loot_template` (`entry`, `item`, `ChanceOrQuestChance`, `groupid`, `mincountOrRef`, `maxcount`, `condition_id`, `patch_min`, `patch_max`) VALUES ('4697', '50036', '-80', '0', '1', '1', '0', '0', '10');
INSERT INTO `reforged_mangos`.`creature_loot_template` (`entry`, `item`, `ChanceOrQuestChance`, `groupid`, `mincountOrRef`, `maxcount`, `condition_id`, `patch_min`, `patch_max`) VALUES ('4696', '50036', '-70', '0', '1', '1', '0', '0', '10');
INSERT INTO `reforged_mangos`.`creature_loot_template` (`entry`, `item`, `ChanceOrQuestChance`, `groupid`, `mincountOrRef`, `maxcount`, `condition_id`, `patch_min`, `patch_max`) VALUES ('4699', '50036', '-100', '0', '1', '1', '0', '0', '10');
INSERT INTO `reforged_mangos`.`creature_loot_template` (`entry`, `item`, `ChanceOrQuestChance`, `groupid`, `mincountOrRef`, `maxcount`, `condition_id`, `patch_min`, `patch_max`) VALUES ('4681', '50037', '-85', '0', '1', '2', '0', '0', '10');
INSERT INTO `reforged_mangos`.`creature_loot_template` (`entry`, `item`, `ChanceOrQuestChance`, `groupid`, `mincountOrRef`, `maxcount`, `condition_id`, `patch_min`, `patch_max`) VALUES ('4678', '50037', '-70', '0', '1', '2', '0', '0', '10');
INSERT INTO `reforged_mangos`.`creature_loot_template` (`entry`, `item`, `ChanceOrQuestChance`, `groupid`, `mincountOrRef`, `maxcount`, `condition_id`, `patch_min`, `patch_max`) VALUES ('4685', '50037', '-100', '0', '1', '2', '0', '0', '10');
		-- Adding  Desolace Quest for Magram Neutral to Friendly QuestGivers  --
INSERT INTO `reforged_mangos`.`creature_template` (`entry`, `patch`, `display_id1`, `display_id2`, `display_id3`, `display_id4`, `name`, `subname`, `gossip_menu_id`, `level_min`, `level_max`, `health_min`, `health_max`, `mana_min`, `mana_max`, `armor`, `faction`, `npc_flags`, `speed_walk`, `speed_run`, `detection_range`, `call_for_help_range`, `leash_range`, `rank`, `xp_multiplier`, `dmg_min`, `dmg_max`, `dmg_school`, `attack_power`, `dmg_multiplier`, `base_attack_time`, `ranged_attack_time`, `unit_class`, `unit_flags`, `dynamic_flags`, `beast_family`, `trainer_type`, `trainer_spell`, `trainer_class`, `trainer_race`, `ranged_dmg_min`, `ranged_dmg_max`, `ranged_attack_power`, `type`, `type_flags`, `loot_id`, `pickpocket_loot_id`, `skinning_loot_id`, `holy_res`, `fire_res`, `nature_res`, `frost_res`, `shadow_res`, `arcane_res`, `spell_id1`, `spell_id2`, `spell_id3`, `spell_id4`, `spell_list_id`, `pet_spell_list_id`, `gold_min`, `gold_max`, `ai_name`, `movement_type`, `inhabit_type`, `civilian`, `racial_leader`, `regeneration`, `equipment_id`, `trainer_id`, `vendor_id`, `mechanic_immune_mask`, `school_immune_mask`, `flags_extra`, `script_name`) VALUES ('1000008', '0', '9442', '0', '0', '0', 'Ortahn', 'Magram Leatherworking Artisan', '9072', '5', '5', '1450', '1450', '0', '0', '1408', '133', '19', '1.14286', '1.1', '20', '5', '0', '0', '1', '37', '48', '0', '210', '1', '1100', '2000', '1', '4608', '0', '0', '2', '0', '0', '0', '72.9872', '100.357', '100', '7', '0', '0', '0', '0', '0', '0', '0', '0', '0', '0', '0', '0', '0', '0', '0', '0', '0', '0', '', '0', '3', '0', '0', '3', '223', '33612', '0', '0', '0', '524298', '');
INSERT INTO `reforged_mangos`.`creature_template` (`entry`, `patch`, `display_id1`, `display_id2`, `display_id3`, `display_id4`, `name`, `subname`, `gossip_menu_id`, `level_min`, `level_max`, `health_min`, `health_max`, `mana_min`, `mana_max`, `armor`, `faction`, `npc_flags`, `speed_walk`, `speed_run`, `detection_range`, `call_for_help_range`, `leash_range`, `rank`, `xp_multiplier`, `dmg_min`, `dmg_max`, `dmg_school`, `attack_power`, `dmg_multiplier`, `base_attack_time`, `ranged_attack_time`, `unit_class`, `unit_flags`, `dynamic_flags`, `beast_family`, `trainer_type`, `trainer_spell`, `trainer_class`, `trainer_race`, `ranged_dmg_min`, `ranged_dmg_max`, `ranged_attack_power`, `type`, `type_flags`, `loot_id`, `pickpocket_loot_id`, `skinning_loot_id`, `holy_res`, `fire_res`, `nature_res`, `frost_res`, `shadow_res`, `arcane_res`, `spell_id1`, `spell_id2`, `spell_id3`, `spell_id4`, `spell_list_id`, `pet_spell_list_id`, `gold_min`, `gold_max`, `ai_name`, `movement_type`, `inhabit_type`, `civilian`, `racial_leader`, `regeneration`, `equipment_id`, `trainer_id`, `vendor_id`, `mechanic_immune_mask`, `school_immune_mask`, `flags_extra`, `script_name`) VALUES ('1000009', '0', '9442', '0', '0', '0', 'Tranwarg', 'Magram Quartermaster', '0', '5', '5', '1850', '1850', '0', '0', '1408', '93', '7', '1.14286', '0', '20', '5', '0', '0', '1', '37', '48', '0', '210', '1', '1100', '2000', '1', '0', '0', '0', '0', '0', '0', '0', '72.9872', '100.357', '100', '7', '0', '0', '0', '0', '0', '0', '0', '0', '0', '0', '0', '0', '0', '0', '0', '0', '0', '0', '', '0', '3', '0', '0', '3', '0', '0', '0', '0', '0', '2', '');
INSERT INTO `reforged_mangos`.`creature_template` (`entry`, `patch`, `display_id1`, `display_id2`, `display_id3`, `display_id4`, `name`, `subname`, `gossip_menu_id`, `level_min`, `level_max`, `health_min`, `health_max`, `mana_min`, `mana_max`, `armor`, `faction`, `npc_flags`, `speed_walk`, `speed_run`, `detection_range`, `call_for_help_range`, `leash_range`, `rank`, `xp_multiplier`, `dmg_min`, `dmg_max`, `dmg_school`, `attack_power`, `dmg_multiplier`, `base_attack_time`, `ranged_attack_time`, `unit_class`, `unit_flags`, `dynamic_flags`, `beast_family`, `trainer_type`, `trainer_spell`, `trainer_class`, `trainer_race`, `ranged_dmg_min`, `ranged_dmg_max`, `ranged_attack_power`, `type`, `type_flags`, `loot_id`, `pickpocket_loot_id`, `skinning_loot_id`, `holy_res`, `fire_res`, `nature_res`, `frost_res`, `shadow_res`, `arcane_res`, `spell_id1`, `spell_id2`, `spell_id3`, `spell_id4`, `spell_list_id`, `pet_spell_list_id`, `gold_min`, `gold_max`, `ai_name`, `movement_type`, `inhabit_type`, `civilian`, `racial_leader`, `regeneration`, `equipment_id`, `trainer_id`, `vendor_id`, `mechanic_immune_mask`, `school_immune_mask`, `flags_extra`, `script_name`) VALUES ('1000013', '0', '11370', '0', '0', '0', 'Khiron', 'Magra\'s first son', '0', '6', '6', '2500', '2500', '0', '0', '1834', '133', '3', '1.14286', '1.3', '20', '5', '0', '0', '1', '160', '180', '0', '152', '1', '1620', '1782', '1', '0', '0', '0', '0', '0', '0', '0', '55.5984', '76.4478', '100', '6', '0', '0', '0', '0', '0', '0', '0', '0', '0', '0', '0', '0', '0', '0', '115600', '0', '0', '0', '', '1', '1', '0', '0', '3', '0', '0', '0', '8413718', '0', '64', '');
		-- Adding  Desolace Quest for Magram Neutral to Friendly QuestGivers Spawn  --
INSERT INTO `reforged_mangos`.`creature` (`guid`, `id`, `id2`, `id3`, `id4`, `map`, `equipment_id`, `position_x`, `position_y`, `position_z`, `orientation`, `spawntimesecsmin`, `spawntimesecsmax`, `patch_min`, `patch_max`) VALUES ('2530604', '1000013', '0', '0', '0', '1', '0', '-2298.97', '1363.04', '63.6065', '0.726348', '25', '25', '0', '10');
INSERT INTO `reforged_mangos`.`creature` (`guid`, `id`, `id2`, `id3`, `id4`, `map`, `equipment_id`, `position_x`, `position_y`, `position_z`, `orientation`, `spawntimesecsmin`, `spawntimesecsmax`, `patch_min`, `patch_max`) VALUES ('2530586', '1000009', '0', '0', '0', '1', '0', '-1725.08', '922.127', '91.8847', '1.41449', '25', '25', '0', '10');
INSERT INTO `reforged_mangos`.`creature` (`guid`, `id`, `id2`, `id3`, `id4`, `map`, `equipment_id`, `position_x`, `position_y`, `position_z`, `orientation`, `spawntimesecsmin`, `spawntimesecsmax`, `patch_min`, `patch_max`) VALUES ('2530587', '1000008', '0', '0', '0', '1', '0', '-1886.87', '1109.41', '92.0602', '5.84809', '25', '25', '0', '10');

		-- Adding  Desolace Quest for Magram Neutral to Friendly QuestItem sell by 1000009 for quest 51009  --
INSERT INTO `reforged_mangos`.`npc_vendor_template` (`entry`, `item`, `maxcount`, `incrtime`, `itemflags`) VALUES ('2000001', '5565', '0', '0', '0');

									-- GELKIS SIDE --

		-- Adding  Desolace Quest for Gelkis Neutral to Friendly Quests  --
DELETE FROM `reforged_mangos`.`quest_template` WHERE (`entry` = '1368') and (`patch` = '0');
INSERT INTO `reforged_mangos`.`quest_template` (`entry`, `patch`, `Method`, `ZoneOrSort`, `MinLevel`, `MaxLevel`, `QuestLevel`, `Type`, `RequiredClasses`, `RequiredRaces`, `RequiredSkill`, `RequiredSkillValue`, `RepObjectiveFaction`, `RepObjectiveValue`, `RequiredMinRepFaction`, `RequiredMinRepValue`, `RequiredMaxRepFaction`, `RequiredMaxRepValue`, `SuggestedPlayers`, `LimitTime`, `QuestFlags`, `SpecialFlags`, `PrevQuestId`, `NextQuestId`, `ExclusiveGroup`, `NextQuestInChain`, `SrcItemId`, `SrcItemCount`, `SrcSpell`, `Title`, `Details`, `Objectives`, `OfferRewardText`, `RequestItemsText`, `EndText`, `ObjectiveText1`, `ObjectiveText2`, `ObjectiveText3`, `ObjectiveText4`, `ReqItemId1`, `ReqItemId2`, `ReqItemId3`, `ReqItemId4`, `ReqItemCount1`, `ReqItemCount2`, `ReqItemCount3`, `ReqItemCount4`, `ReqSourceId1`, `ReqSourceId2`, `ReqSourceId3`, `ReqSourceId4`, `ReqSourceCount1`, `ReqSourceCount2`, `ReqSourceCount3`, `ReqSourceCount4`, `ReqCreatureOrGOId1`, `ReqCreatureOrGOId2`, `ReqCreatureOrGOId3`, `ReqCreatureOrGOId4`, `ReqCreatureOrGOCount1`, `ReqCreatureOrGOCount2`, `ReqCreatureOrGOCount3`, `ReqCreatureOrGOCount4`, `ReqSpellCast1`, `ReqSpellCast2`, `ReqSpellCast3`, `ReqSpellCast4`, `RewChoiceItemId1`, `RewChoiceItemId2`, `RewChoiceItemId3`, `RewChoiceItemId4`, `RewChoiceItemId5`, `RewChoiceItemId6`, `RewChoiceItemCount1`, `RewChoiceItemCount2`, `RewChoiceItemCount3`, `RewChoiceItemCount4`, `RewChoiceItemCount5`, `RewChoiceItemCount6`, `RewItemId1`, `RewItemId2`, `RewItemId3`, `RewItemId4`, `RewItemCount1`, `RewItemCount2`, `RewItemCount3`, `RewItemCount4`, `RewRepFaction1`, `RewRepFaction2`, `RewRepFaction3`, `RewRepFaction4`, `RewRepFaction5`, `RewRepValue1`, `RewRepValue2`, `RewRepValue3`, `RewRepValue4`, `RewRepValue5`, `RewXP`, `RewOrReqMoney`, `RewMoneyMaxLevel`, `RewSpell`, `RewSpellCast`, `RewMailTemplateId`, `RewMailDelaySecs`, `RewMailMoney`, `PointMapId`, `PointX`, `PointY`, `PointOpt`, `DetailsEmote1`, `DetailsEmote2`, `DetailsEmote3`, `DetailsEmote4`, `DetailsEmoteDelay1`, `DetailsEmoteDelay2`, `DetailsEmoteDelay3`, `DetailsEmoteDelay4`, `IncompleteEmote`, `CompleteEmote`, `OfferRewardEmote1`, `OfferRewardEmote2`, `OfferRewardEmote3`, `OfferRewardEmote4`, `OfferRewardEmoteDelay1`, `OfferRewardEmoteDelay2`, `OfferRewardEmoteDelay3`, `OfferRewardEmoteDelay4`, `StartScript`, `CompleteScript`) VALUES ('1368', '0', '2', '405', '5', '0', '5', '0', '0', '178', '0', '0', '92', '0', '0', '0', '0', '0', '0', '0', '8', '0', '0', '1384', '0', '0', '0', '0', '0', 'Gelkis Alliance', 'To beat the centaur, we must use their hatred against them.  We will ally with one of the clans and through them, we will learn how to defeat all the clans.$B$BIf you choose to ally with the Gelkis then slay their most hated rival, the Magram.  After you earn the respect of the Gelkis, meet with the Gelkis shaman Uthek the Wise, on the outskirts of the Gelkis Village, in southwest Desolace.', 'Maintain a neutral reputation with the Gelkis and then speak with Uthek the Wise.', 'The earth speaks to the Gelkis Clan. And it says that the $C came with good intentions. This is good.$B$BIf it is a friend of the Gelkis, then Uthek will listen.He has more tasks for the $C.', 'Two feet step on Gelkis earth is not welcome here!$B$BThe $C will need to retake his friendship with the Gelkis, kill Magram centaur.It will return when the ground is wet with Magram blood.', '', '', '', '', '', '0', '0', '0', '0', '0', '0', '0', '0', '0', '0', '0', '0', '0', '0', '0', '0', '0', '0', '0', '0', '0', '0', '0', '0', '0', '0', '0', '0', '0', '0', '0', '0', '0', '0', '0', '0', '0', '0', '0', '0', '0', '0', '0', '0', '0', '0', '0', '0', '93', '92', '0', '0', '0', '-750', '100', '0', '0', '0', '660', '0', '390', '0', '0', '0', '0', '0', '0', '0', '0', '0', '0', '0', '0', '0', '0', '0', '0', '0', '0', '1', '0', '0', '0', '0', '0', '0', '0', '0', '0', '0');
DELETE FROM `reforged_mangos`.`quest_template` WHERE (`entry` = '1382') and (`patch` = '0');
INSERT INTO `reforged_mangos`.`quest_template` (`entry`, `patch`, `Method`, `ZoneOrSort`, `MinLevel`, `MaxLevel`, `QuestLevel`, `Type`, `RequiredClasses`, `RequiredRaces`, `RequiredSkill`, `RequiredSkillValue`, `RepObjectiveFaction`, `RepObjectiveValue`, `RequiredMinRepFaction`, `RequiredMinRepValue`, `RequiredMaxRepFaction`, `RequiredMaxRepValue`, `SuggestedPlayers`, `LimitTime`, `QuestFlags`, `SpecialFlags`, `PrevQuestId`, `NextQuestId`, `ExclusiveGroup`, `NextQuestInChain`, `SrcItemId`, `SrcItemCount`, `SrcSpell`, `Title`, `Details`, `Objectives`, `OfferRewardText`, `RequestItemsText`, `EndText`, `ObjectiveText1`, `ObjectiveText2`, `ObjectiveText3`, `ObjectiveText4`, `ReqItemId1`, `ReqItemId2`, `ReqItemId3`, `ReqItemId4`, `ReqItemCount1`, `ReqItemCount2`, `ReqItemCount3`, `ReqItemCount4`, `ReqSourceId1`, `ReqSourceId2`, `ReqSourceId3`, `ReqSourceId4`, `ReqSourceCount1`, `ReqSourceCount2`, `ReqSourceCount3`, `ReqSourceCount4`, `ReqCreatureOrGOId1`, `ReqCreatureOrGOId2`, `ReqCreatureOrGOId3`, `ReqCreatureOrGOId4`, `ReqCreatureOrGOCount1`, `ReqCreatureOrGOCount2`, `ReqCreatureOrGOCount3`, `ReqCreatureOrGOCount4`, `ReqSpellCast1`, `ReqSpellCast2`, `ReqSpellCast3`, `ReqSpellCast4`, `RewChoiceItemId1`, `RewChoiceItemId2`, `RewChoiceItemId3`, `RewChoiceItemId4`, `RewChoiceItemId5`, `RewChoiceItemId6`, `RewChoiceItemCount1`, `RewChoiceItemCount2`, `RewChoiceItemCount3`, `RewChoiceItemCount4`, `RewChoiceItemCount5`, `RewChoiceItemCount6`, `RewItemId1`, `RewItemId2`, `RewItemId3`, `RewItemId4`, `RewItemCount1`, `RewItemCount2`, `RewItemCount3`, `RewItemCount4`, `RewRepFaction1`, `RewRepFaction2`, `RewRepFaction3`, `RewRepFaction4`, `RewRepFaction5`, `RewRepValue1`, `RewRepValue2`, `RewRepValue3`, `RewRepValue4`, `RewRepValue5`, `RewXP`, `RewOrReqMoney`, `RewMoneyMaxLevel`, `RewSpell`, `RewSpellCast`, `RewMailTemplateId`, `RewMailDelaySecs`, `RewMailMoney`, `PointMapId`, `PointX`, `PointY`, `PointOpt`, `DetailsEmote1`, `DetailsEmote2`, `DetailsEmote3`, `DetailsEmote4`, `DetailsEmoteDelay1`, `DetailsEmoteDelay2`, `DetailsEmoteDelay3`, `DetailsEmoteDelay4`, `IncompleteEmote`, `CompleteEmote`, `OfferRewardEmote1`, `OfferRewardEmote2`, `OfferRewardEmote3`, `OfferRewardEmote4`, `OfferRewardEmoteDelay1`, `OfferRewardEmoteDelay2`, `OfferRewardEmoteDelay3`, `OfferRewardEmoteDelay4`, `StartScript`, `CompleteScript`) VALUES ('1382', '0', '2', '405', '5', '0', '5', '0', '0', '77', '0', '0', '92', '0', '0', '0', '0', '0', '0', '0', '8', '0', '0', '0', '0', '1384', '0', '0', '0', 'Strange Alliance', 'We are fortunate the centaur clans fight among themselves, for if they joined into a single force then they would be unstoppable.  Yes, we are fortunate, and we should press our advantage.$B$BOne of the centaur clans, the Gelkis clan, is in brutal war with the Magram clan.  If we attack the Magram, then perhaps an alliance may be struck with the Gelkis.$B$BSpeak with Uthek the Wise, in the outskirts of the Gelkis camps in southwestern Desolace.  Through her we might strike an alliance with the Gelkis.', 'Maintain a neutral reputation with the Gelkis and then speak with Uthek the Wise.', 'The earth speaks to the Gelkis Clan. And it says that the $C came with good intentions. This is good.$B$BIf it is a friend of the Gelkis, then Uthek will listen.He has more tasks for the $C.', 'Two feet step on Gelkis earth is not welcome here!$B$BThe $C will need to retake his friendship with the Gelkis, kill Magram centaur.It will return when the ground is wet with Magram blood.', '', '', '', '', '', '0', '0', '0', '0', '0', '0', '0', '0', '0', '0', '0', '0', '0', '0', '0', '0', '0', '0', '0', '0', '0', '0', '0', '0', '0', '0', '0', '0', '0', '0', '0', '0', '0', '0', '0', '0', '0', '0', '0', '0', '0', '0', '0', '0', '0', '0', '0', '0', '93', '92', '0', '0', '0', '-750', '100', '0', '0', '0', '2050', '0', '1260', '0', '0', '0', '0', '0', '0', '0', '0', '0', '0', '0', '0', '0', '0', '0', '0', '0', '0', '1', '0', '0', '0', '0', '0', '0', '0', '0', '0', '0');
DELETE FROM `reforged_mangos`.`quest_template` WHERE (`entry` = '1384') and (`patch` = '0');
INSERT INTO `reforged_mangos`.`quest_template` (`entry`, `patch`, `Method`, `ZoneOrSort`, `MinLevel`, `MaxLevel`, `QuestLevel`, `Type`, `RequiredClasses`, `RequiredRaces`, `RequiredSkill`, `RequiredSkillValue`, `RepObjectiveFaction`, `RepObjectiveValue`, `RequiredMinRepFaction`, `RequiredMinRepValue`, `RequiredMaxRepFaction`, `RequiredMaxRepValue`, `SuggestedPlayers`, `LimitTime`, `QuestFlags`, `SpecialFlags`, `PrevQuestId`, `NextQuestId`, `ExclusiveGroup`, `NextQuestInChain`, `SrcItemId`, `SrcItemCount`, `SrcSpell`, `Title`, `Details`, `Objectives`, `OfferRewardText`, `RequestItemsText`, `EndText`, `ObjectiveText1`, `ObjectiveText2`, `ObjectiveText3`, `ObjectiveText4`, `ReqItemId1`, `ReqItemId2`, `ReqItemId3`, `ReqItemId4`, `ReqItemCount1`, `ReqItemCount2`, `ReqItemCount3`, `ReqItemCount4`, `ReqSourceId1`, `ReqSourceId2`, `ReqSourceId3`, `ReqSourceId4`, `ReqSourceCount1`, `ReqSourceCount2`, `ReqSourceCount3`, `ReqSourceCount4`, `ReqCreatureOrGOId1`, `ReqCreatureOrGOId2`, `ReqCreatureOrGOId3`, `ReqCreatureOrGOId4`, `ReqCreatureOrGOCount1`, `ReqCreatureOrGOCount2`, `ReqCreatureOrGOCount3`, `ReqCreatureOrGOCount4`, `ReqSpellCast1`, `ReqSpellCast2`, `ReqSpellCast3`, `ReqSpellCast4`, `RewChoiceItemId1`, `RewChoiceItemId2`, `RewChoiceItemId3`, `RewChoiceItemId4`, `RewChoiceItemId5`, `RewChoiceItemId6`, `RewChoiceItemCount1`, `RewChoiceItemCount2`, `RewChoiceItemCount3`, `RewChoiceItemCount4`, `RewChoiceItemCount5`, `RewChoiceItemCount6`, `RewItemId1`, `RewItemId2`, `RewItemId3`, `RewItemId4`, `RewItemCount1`, `RewItemCount2`, `RewItemCount3`, `RewItemCount4`, `RewRepFaction1`, `RewRepFaction2`, `RewRepFaction3`, `RewRepFaction4`, `RewRepFaction5`, `RewRepValue1`, `RewRepValue2`, `RewRepValue3`, `RewRepValue4`, `RewRepValue5`, `RewXP`, `RewOrReqMoney`, `RewMoneyMaxLevel`, `RewSpell`, `RewSpellCast`, `RewMailTemplateId`, `RewMailDelaySecs`, `RewMailMoney`, `PointMapId`, `PointX`, `PointY`, `PointOpt`, `DetailsEmote1`, `DetailsEmote2`, `DetailsEmote3`, `DetailsEmote4`, `DetailsEmoteDelay1`, `DetailsEmoteDelay2`, `DetailsEmoteDelay3`, `DetailsEmoteDelay4`, `IncompleteEmote`, `CompleteEmote`, `OfferRewardEmote1`, `OfferRewardEmote2`, `OfferRewardEmote3`, `OfferRewardEmote4`, `OfferRewardEmoteDelay1`, `OfferRewardEmoteDelay2`, `OfferRewardEmoteDelay3`, `OfferRewardEmoteDelay4`, `StartScript`, `CompleteScript`) VALUES ('1384', '0', '2', '405', '5', '0', '5', '0', '0', '0', '0', '0', '92', '0', '0', '0', '0', '0', '0', '0', '8', '0', '1382', '0', '0', '0', '0', '0', '0', 'Raid on the Kolkar', 'The Kolkar centaurs think their magic is strong.  They do not know magic! They would not know magic if the $C beats them!$B$BThe $C will show them that their magic is weak. It will go to the Kolkar  to the northeast and kill them and take their charms.  Bring Uthek the charms and he will throw them in the fire and laugh!', 'Maintain your reputation with the Gelkis, and bring 10 Crude Charms to Uthek the Wise in the Gelkis Village in Desolace.', 'The $C did a good thing for the Gelkis. The Kolkar are weak and will die. Their magic is pathetic and will not save them. The $C showed them this, and their fear will make them even more feeble!$B$BAnd in this land, the feeble soon die.', 'The $C has the charms? Did it showed the Kolkar they are weak?', '', '', '', '', '', '6079', '0', '0', '0', '10', '0', '0', '0', '0', '0', '0', '0', '0', '0', '0', '0', '0', '0', '0', '0', '0', '0', '0', '0', '0', '0', '0', '0', '0', '0', '0', '0', '0', '0', '0', '0', '0', '0', '0', '0', '0', '0', '0', '0', '0', '0', '0', '0', '93', '92', '0', '0', '0', '-2000', '500', '0', '0', '0', '2550', '0', '1560', '0', '0', '0', '0', '0', '0', '0', '0', '0', '0', '0', '0', '0', '0', '0', '0', '0', '0', '1', '0', '0', '0', '0', '0', '0', '0', '0', '0', '0');
INSERT INTO `reforged_mangos`.`quest_template` (`entry`, `patch`, `Method`, `ZoneOrSort`, `MinLevel`, `MaxLevel`, `QuestLevel`, `Type`, `RequiredClasses`, `RequiredRaces`, `RequiredSkill`, `RequiredSkillValue`, `RepObjectiveFaction`, `RepObjectiveValue`, `RequiredMinRepFaction`, `RequiredMinRepValue`, `RequiredMaxRepFaction`, `RequiredMaxRepValue`, `SuggestedPlayers`, `LimitTime`, `QuestFlags`, `SpecialFlags`, `PrevQuestId`, `NextQuestId`, `ExclusiveGroup`, `NextQuestInChain`, `SrcItemId`, `SrcItemCount`, `SrcSpell`, `Title`, `Details`, `Objectives`, `OfferRewardText`, `RequestItemsText`, `EndText`, `ObjectiveText1`, `ObjectiveText2`, `ObjectiveText3`, `ObjectiveText4`, `ReqItemId1`, `ReqItemId2`, `ReqItemId3`, `ReqItemId4`, `ReqItemCount1`, `ReqItemCount2`, `ReqItemCount3`, `ReqItemCount4`, `ReqSourceId1`, `ReqSourceId2`, `ReqSourceId3`, `ReqSourceId4`, `ReqSourceCount1`, `ReqSourceCount2`, `ReqSourceCount3`, `ReqSourceCount4`, `ReqCreatureOrGOId1`, `ReqCreatureOrGOId2`, `ReqCreatureOrGOId3`, `ReqCreatureOrGOId4`, `ReqCreatureOrGOCount1`, `ReqCreatureOrGOCount2`, `ReqCreatureOrGOCount3`, `ReqCreatureOrGOCount4`, `ReqSpellCast1`, `ReqSpellCast2`, `ReqSpellCast3`, `ReqSpellCast4`, `RewChoiceItemId1`, `RewChoiceItemId2`, `RewChoiceItemId3`, `RewChoiceItemId4`, `RewChoiceItemId5`, `RewChoiceItemId6`, `RewChoiceItemCount1`, `RewChoiceItemCount2`, `RewChoiceItemCount3`, `RewChoiceItemCount4`, `RewChoiceItemCount5`, `RewChoiceItemCount6`, `RewItemId1`, `RewItemId2`, `RewItemId3`, `RewItemId4`, `RewItemCount1`, `RewItemCount2`, `RewItemCount3`, `RewItemCount4`, `RewRepFaction1`, `RewRepFaction2`, `RewRepFaction3`, `RewRepFaction4`, `RewRepFaction5`, `RewRepValue1`, `RewRepValue2`, `RewRepValue3`, `RewRepValue4`, `RewRepValue5`, `RewXP`, `RewOrReqMoney`, `RewMoneyMaxLevel`, `RewSpell`, `RewSpellCast`, `RewMailTemplateId`, `RewMailDelaySecs`, `RewMailMoney`, `PointMapId`, `PointX`, `PointY`, `PointOpt`, `DetailsEmote1`, `DetailsEmote2`, `DetailsEmote3`, `DetailsEmote4`, `DetailsEmoteDelay1`, `DetailsEmoteDelay2`, `DetailsEmoteDelay3`, `DetailsEmoteDelay4`, `IncompleteEmote`, `CompleteEmote`, `OfferRewardEmote1`, `OfferRewardEmote2`, `OfferRewardEmote3`, `OfferRewardEmote4`, `OfferRewardEmoteDelay1`, `OfferRewardEmoteDelay2`, `OfferRewardEmoteDelay3`, `OfferRewardEmoteDelay4`, `StartScript`, `CompleteScript`) VALUES ('51017', '0', '2', '405', '5', '0', '5', '0', '0', '0', '0', '0', '92', '0', '0', '0', '0', '0', '0', '0', '8', '0', '1384', '51018', '0', '51018', '0', '0', '0', 'The Old Kodo And The Magic', 'The Gelkis Clan is connected to the earth. But if the Gelkis\'s shamans want to shape the earth they must have others things to proceed.The Kodos that die in this land have make a great travel through the lands. Their bones are almost one with the earth. Transformed into dust those bones are part of the Gelkis bodies, the marks made are our links with the earth.$B$BThe $C will bring us 6 Kodos Bones. If it does so, Uthek will make announce that the $C can help others Gelkis members. ', 'Maintain your reputation with the Gelkis, and bring 6 Kodos Bones to Uthek the Wise in the Gelkis Village in Desolace.', 'The $C did a good thing for the Gelkis. Our magic is instable because sometimes the earth does not want to follow the Gelkis Clan\'s will. With the bones the elements will be submitted.', 'The $C has the bones ? Does it want to help or doe it want to stay with the Clan that fail ?', '', '', '', '', '', '13703', '0', '0', '0', '6', '0', '0', '0', '0', '0', '0', '0', '0', '0', '0', '0', '0', '0', '0', '0', '0', '0', '0', '0', '0', '0', '0', '0', '0', '0', '0', '0', '0', '0', '0', '0', '0', '0', '0', '0', '0', '0', '0', '0', '0', '0', '0', '0', '92', '93', '0', '0', '0', '500', '-750', '0', '0', '0', '2550', '0', '1560', '0', '0', '0', '0', '0', '0', '0', '0', '0', '0', '0', '0', '0', '0', '0', '0', '0', '0', '1', '0', '0', '0', '0', '0', '0', '0', '0', '0', '0');
INSERT INTO `reforged_mangos`.`quest_template` (`entry`, `patch`, `Method`, `ZoneOrSort`, `MinLevel`, `MaxLevel`, `QuestLevel`, `Type`, `RequiredClasses`, `RequiredRaces`, `RequiredSkill`, `RequiredSkillValue`, `RepObjectiveFaction`, `RepObjectiveValue`, `RequiredMinRepFaction`, `RequiredMinRepValue`, `RequiredMaxRepFaction`, `RequiredMaxRepValue`, `SuggestedPlayers`, `LimitTime`, `QuestFlags`, `SpecialFlags`, `PrevQuestId`, `NextQuestId`, `ExclusiveGroup`, `NextQuestInChain`, `SrcItemId`, `SrcItemCount`, `SrcSpell`, `Title`, `Details`, `Objectives`, `OfferRewardText`, `RequestItemsText`, `EndText`, `ObjectiveText1`, `ObjectiveText2`, `ObjectiveText3`, `ObjectiveText4`, `ReqItemId1`, `ReqItemId2`, `ReqItemId3`, `ReqItemId4`, `ReqItemCount1`, `ReqItemCount2`, `ReqItemCount3`, `ReqItemCount4`, `ReqSourceId1`, `ReqSourceId2`, `ReqSourceId3`, `ReqSourceId4`, `ReqSourceCount1`, `ReqSourceCount2`, `ReqSourceCount3`, `ReqSourceCount4`, `ReqCreatureOrGOId1`, `ReqCreatureOrGOId2`, `ReqCreatureOrGOId3`, `ReqCreatureOrGOId4`, `ReqCreatureOrGOCount1`, `ReqCreatureOrGOCount2`, `ReqCreatureOrGOCount3`, `ReqCreatureOrGOCount4`, `ReqSpellCast1`, `ReqSpellCast2`, `ReqSpellCast3`, `ReqSpellCast4`, `RewChoiceItemId1`, `RewChoiceItemId2`, `RewChoiceItemId3`, `RewChoiceItemId4`, `RewChoiceItemId5`, `RewChoiceItemId6`, `RewChoiceItemCount1`, `RewChoiceItemCount2`, `RewChoiceItemCount3`, `RewChoiceItemCount4`, `RewChoiceItemCount5`, `RewChoiceItemCount6`, `RewItemId1`, `RewItemId2`, `RewItemId3`, `RewItemId4`, `RewItemCount1`, `RewItemCount2`, `RewItemCount3`, `RewItemCount4`, `RewRepFaction1`, `RewRepFaction2`, `RewRepFaction3`, `RewRepFaction4`, `RewRepFaction5`, `RewRepValue1`, `RewRepValue2`, `RewRepValue3`, `RewRepValue4`, `RewRepValue5`, `RewXP`, `RewOrReqMoney`, `RewMoneyMaxLevel`, `RewSpell`, `RewSpellCast`, `RewMailTemplateId`, `RewMailDelaySecs`, `RewMailMoney`, `PointMapId`, `PointX`, `PointY`, `PointOpt`, `DetailsEmote1`, `DetailsEmote2`, `DetailsEmote3`, `DetailsEmote4`, `DetailsEmoteDelay1`, `DetailsEmoteDelay2`, `DetailsEmoteDelay3`, `DetailsEmoteDelay4`, `IncompleteEmote`, `CompleteEmote`, `OfferRewardEmote1`, `OfferRewardEmote2`, `OfferRewardEmote3`, `OfferRewardEmote4`, `OfferRewardEmoteDelay1`, `OfferRewardEmoteDelay2`, `OfferRewardEmoteDelay3`, `OfferRewardEmoteDelay4`, `StartScript`, `CompleteScript`) VALUES ('51018', '0', '2', '405', '5', '0', '5', '0', '0', '0', '0', '0', '92', '0', '0', '0', '0', '0', '0', '0', '8', '0', '51017', '0', '0', '0', '0', '0', '0', 'Serving The Gelkis', 'The $C seems to be a powerfull ally, the Gelkis want it to help the Clan as much as it can. $B$BThe $C must seek The Gelkis Quartermaster at the entrance of our lair. She will have many tasks for the $C.', 'Maintain your reputation Friendly with the Gelkis, and speak to Tatihek The Quartermaster in the Gelkis Village in Desolace.', 'The Clan heard rumors from a $C. Will it help ? ', '', '', '', '', '', '', '0', '0', '0', '0', '8', '0', '0', '0', '0', '0', '0', '0', '0', '0', '0', '0', '0', '0', '0', '0', '0', '0', '0', '0', '0', '0', '0', '0', '0', '0', '0', '0', '0', '0', '0', '0', '0', '0', '0', '0', '0', '0', '0', '0', '0', '0', '0', '0', '92', '93', '0', '0', '0', '100', '-1500', '0', '0', '0', '350', '0', '160', '0', '0', '0', '0', '0', '0', '0', '0', '0', '0', '0', '0', '0', '0', '0', '0', '0', '0', '1', '0', '0', '0', '0', '0', '0', '0', '0', '0', '0');
INSERT INTO `reforged_mangos`.`quest_template` (`entry`, `patch`, `Method`, `ZoneOrSort`, `MinLevel`, `MaxLevel`, `QuestLevel`, `Type`, `RequiredClasses`, `RequiredRaces`, `RequiredSkill`, `RequiredSkillValue`, `RepObjectiveFaction`, `RepObjectiveValue`, `RequiredMinRepFaction`, `RequiredMinRepValue`, `RequiredMaxRepFaction`, `RequiredMaxRepValue`, `SuggestedPlayers`, `LimitTime`, `QuestFlags`, `SpecialFlags`, `PrevQuestId`, `NextQuestId`, `ExclusiveGroup`, `NextQuestInChain`, `SrcItemId`, `SrcItemCount`, `SrcSpell`, `Title`, `Details`, `Objectives`, `OfferRewardText`, `RequestItemsText`, `EndText`, `ObjectiveText1`, `ObjectiveText2`, `ObjectiveText3`, `ObjectiveText4`, `ReqItemId1`, `ReqItemId2`, `ReqItemId3`, `ReqItemId4`, `ReqItemCount1`, `ReqItemCount2`, `ReqItemCount3`, `ReqItemCount4`, `ReqSourceId1`, `ReqSourceId2`, `ReqSourceId3`, `ReqSourceId4`, `ReqSourceCount1`, `ReqSourceCount2`, `ReqSourceCount3`, `ReqSourceCount4`, `ReqCreatureOrGOId1`, `ReqCreatureOrGOId2`, `ReqCreatureOrGOId3`, `ReqCreatureOrGOId4`, `ReqCreatureOrGOCount1`, `ReqCreatureOrGOCount2`, `ReqCreatureOrGOCount3`, `ReqCreatureOrGOCount4`, `ReqSpellCast1`, `ReqSpellCast2`, `ReqSpellCast3`, `ReqSpellCast4`, `RewChoiceItemId1`, `RewChoiceItemId2`, `RewChoiceItemId3`, `RewChoiceItemId4`, `RewChoiceItemId5`, `RewChoiceItemId6`, `RewChoiceItemCount1`, `RewChoiceItemCount2`, `RewChoiceItemCount3`, `RewChoiceItemCount4`, `RewChoiceItemCount5`, `RewChoiceItemCount6`, `RewItemId1`, `RewItemId2`, `RewItemId3`, `RewItemId4`, `RewItemCount1`, `RewItemCount2`, `RewItemCount3`, `RewItemCount4`, `RewRepFaction1`, `RewRepFaction2`, `RewRepFaction3`, `RewRepFaction4`, `RewRepFaction5`, `RewRepValue1`, `RewRepValue2`, `RewRepValue3`, `RewRepValue4`, `RewRepValue5`, `RewXP`, `RewOrReqMoney`, `RewMoneyMaxLevel`, `RewSpell`, `RewSpellCast`, `RewMailTemplateId`, `RewMailDelaySecs`, `RewMailMoney`, `PointMapId`, `PointX`, `PointY`, `PointOpt`, `DetailsEmote1`, `DetailsEmote2`, `DetailsEmote3`, `DetailsEmote4`, `DetailsEmoteDelay1`, `DetailsEmoteDelay2`, `DetailsEmoteDelay3`, `DetailsEmoteDelay4`, `IncompleteEmote`, `CompleteEmote`, `OfferRewardEmote1`, `OfferRewardEmote2`, `OfferRewardEmote3`, `OfferRewardEmote4`, `OfferRewardEmoteDelay1`, `OfferRewardEmoteDelay2`, `OfferRewardEmoteDelay3`, `OfferRewardEmoteDelay4`, `StartScript`, `CompleteScript`) VALUES ('51019', '0', '2', '405', '5', '0', '5', '0', '0', '0', '0', '0', '92', '3000', '0', '0', '0', '0', '0', '0', '8', '0', '51018', '0', '0', '0', '0', '0', '0', 'Cloth For The Gelkis', 'The Gelkis Clan does want to create more tents and making powerfull pieces of equipment. Also the Demons at The Mannoroc Coven are shaping the earth in a way where the Gelkis shamans can not succeed to communicate with the elements.$B$BThe $C will slain those demons and take their Demonic Cloth Piece, The Gelkis Clan know a way to purify it.May the $C serves the Clan well and be rewarded for it.', 'Maintain your reputation with the Gelkis, and bring 20 Demonic Cloth Piece to Tatihek The Quartermaster in the Gelkis Village in Desolace.', 'The $C did a good thing for the Gelkis. Our magic is instable because sometimes the earth does not want to follow the Gelkis Clan\'s will. Perhaps the Clan will craft something to the $C.', 'The $C has the cloth ? This is the only way to proove that he killed the Demons.', '', '', '', '', '', '50038', '0', '0', '0', '20', '0', '0', '0', '0', '0', '0', '0', '0', '0', '0', '0', '0', '0', '0', '0', '0', '0', '0', '0', '0', '0', '0', '0', '0', '0', '0', '0', '0', '0', '0', '0', '0', '0', '0', '0', '0', '0', '0', '0', '0', '0', '0', '0', '92', '93', '0', '0', '0', '500', '-750', '0', '0', '0', '2450', '0', '1560', '0', '0', '0', '0', '0', '0', '0', '0', '0', '0', '0', '0', '0', '0', '0', '0', '0', '0', '1', '0', '0', '0', '0', '0', '0', '0', '0', '0', '0');
INSERT INTO `reforged_mangos`.`quest_template` (`entry`, `patch`, `Method`, `ZoneOrSort`, `MinLevel`, `MaxLevel`, `QuestLevel`, `Type`, `RequiredClasses`, `RequiredRaces`, `RequiredSkill`, `RequiredSkillValue`, `RepObjectiveFaction`, `RepObjectiveValue`, `RequiredMinRepFaction`, `RequiredMinRepValue`, `RequiredMaxRepFaction`, `RequiredMaxRepValue`, `SuggestedPlayers`, `LimitTime`, `QuestFlags`, `SpecialFlags`, `PrevQuestId`, `NextQuestId`, `ExclusiveGroup`, `NextQuestInChain`, `SrcItemId`, `SrcItemCount`, `SrcSpell`, `Title`, `Details`, `Objectives`, `OfferRewardText`, `RequestItemsText`, `EndText`, `ObjectiveText1`, `ObjectiveText2`, `ObjectiveText3`, `ObjectiveText4`, `ReqItemId1`, `ReqItemId2`, `ReqItemId3`, `ReqItemId4`, `ReqItemCount1`, `ReqItemCount2`, `ReqItemCount3`, `ReqItemCount4`, `ReqSourceId1`, `ReqSourceId2`, `ReqSourceId3`, `ReqSourceId4`, `ReqSourceCount1`, `ReqSourceCount2`, `ReqSourceCount3`, `ReqSourceCount4`, `ReqCreatureOrGOId1`, `ReqCreatureOrGOId2`, `ReqCreatureOrGOId3`, `ReqCreatureOrGOId4`, `ReqCreatureOrGOCount1`, `ReqCreatureOrGOCount2`, `ReqCreatureOrGOCount3`, `ReqCreatureOrGOCount4`, `ReqSpellCast1`, `ReqSpellCast2`, `ReqSpellCast3`, `ReqSpellCast4`, `RewChoiceItemId1`, `RewChoiceItemId2`, `RewChoiceItemId3`, `RewChoiceItemId4`, `RewChoiceItemId5`, `RewChoiceItemId6`, `RewChoiceItemCount1`, `RewChoiceItemCount2`, `RewChoiceItemCount3`, `RewChoiceItemCount4`, `RewChoiceItemCount5`, `RewChoiceItemCount6`, `RewItemId1`, `RewItemId2`, `RewItemId3`, `RewItemId4`, `RewItemCount1`, `RewItemCount2`, `RewItemCount3`, `RewItemCount4`, `RewRepFaction1`, `RewRepFaction2`, `RewRepFaction3`, `RewRepFaction4`, `RewRepFaction5`, `RewRepValue1`, `RewRepValue2`, `RewRepValue3`, `RewRepValue4`, `RewRepValue5`, `RewXP`, `RewOrReqMoney`, `RewMoneyMaxLevel`, `RewSpell`, `RewSpellCast`, `RewMailTemplateId`, `RewMailDelaySecs`, `RewMailMoney`, `PointMapId`, `PointX`, `PointY`, `PointOpt`, `DetailsEmote1`, `DetailsEmote2`, `DetailsEmote3`, `DetailsEmote4`, `DetailsEmoteDelay1`, `DetailsEmoteDelay2`, `DetailsEmoteDelay3`, `DetailsEmoteDelay4`, `IncompleteEmote`, `CompleteEmote`, `OfferRewardEmote1`, `OfferRewardEmote2`, `OfferRewardEmote3`, `OfferRewardEmote4`, `OfferRewardEmoteDelay1`, `OfferRewardEmoteDelay2`, `OfferRewardEmoteDelay3`, `OfferRewardEmoteDelay4`, `StartScript`, `CompleteScript`) VALUES ('51020', '0', '2', '405', '5', '0', '5', '0', '0', '0', '0', '0', '92', '3000', '0', '0', '0', '0', '0', '0', '8', '0', '51018', '0', '0', '0', '0', '0', '0', 'An Other Kind Of Powder', 'The bones from the old kodos are important in the Gelkis ritual. But sometimes they go away by the wind too fastly and the powder is filled with dust. Nothing good for the Clan then.$B$B But the Gelkis Shaman find out that the one footed creatures from the salted water have a skin that can be usefull. When it is bigger the skin is more heavy.$B$BThe $C will slain those one footed creatures that live where no Gelkis will go. The Gelkis Clan knows a way to make the skin in a usefull powder.The $C serves the Clan well, it must follow that way.', 'Maintain your reputation Friendly with the Gelkis, and bring 8 Nagas Heavy Scale to Tatihek The Quartermaster in the Gelkis Village in Desolace.', 'The $C did a good thing for the Gelkis. New magic is possible with news material for the Gelkis Shaman.', 'The $C has the scale ? It must not bring to the Gelkis Clan scale that came not from this land, their properties are not the same.', '', '', '', '', '', '50039', '0', '0', '0', '8', '0', '0', '0', '0', '0', '0', '0', '0', '0', '0', '0', '0', '0', '0', '0', '0', '0', '0', '0', '0', '0', '0', '0', '0', '0', '0', '0', '0', '0', '0', '0', '0', '0', '0', '0', '0', '0', '0', '0', '0', '0', '0', '0', '92', '93', '0', '0', '0', '500', '-750', '0', '0', '0', '2150', '0', '1560', '0', '0', '0', '0', '0', '0', '0', '0', '0', '0', '0', '0', '0', '0', '0', '0', '0', '0', '1', '0', '0', '0', '0', '0', '0', '0', '0', '0', '0');
INSERT INTO `reforged_mangos`.`quest_template` (`entry`, `patch`, `Method`, `ZoneOrSort`, `MinLevel`, `MaxLevel`, `QuestLevel`, `Type`, `RequiredClasses`, `RequiredRaces`, `RequiredSkill`, `RequiredSkillValue`, `RepObjectiveFaction`, `RepObjectiveValue`, `RequiredMinRepFaction`, `RequiredMinRepValue`, `RequiredMaxRepFaction`, `RequiredMaxRepValue`, `SuggestedPlayers`, `LimitTime`, `QuestFlags`, `SpecialFlags`, `PrevQuestId`, `NextQuestId`, `ExclusiveGroup`, `NextQuestInChain`, `SrcItemId`, `SrcItemCount`, `SrcSpell`, `Title`, `Details`, `Objectives`, `OfferRewardText`, `RequestItemsText`, `EndText`, `ObjectiveText1`, `ObjectiveText2`, `ObjectiveText3`, `ObjectiveText4`, `ReqItemId1`, `ReqItemId2`, `ReqItemId3`, `ReqItemId4`, `ReqItemCount1`, `ReqItemCount2`, `ReqItemCount3`, `ReqItemCount4`, `ReqSourceId1`, `ReqSourceId2`, `ReqSourceId3`, `ReqSourceId4`, `ReqSourceCount1`, `ReqSourceCount2`, `ReqSourceCount3`, `ReqSourceCount4`, `ReqCreatureOrGOId1`, `ReqCreatureOrGOId2`, `ReqCreatureOrGOId3`, `ReqCreatureOrGOId4`, `ReqCreatureOrGOCount1`, `ReqCreatureOrGOCount2`, `ReqCreatureOrGOCount3`, `ReqCreatureOrGOCount4`, `ReqSpellCast1`, `ReqSpellCast2`, `ReqSpellCast3`, `ReqSpellCast4`, `RewChoiceItemId1`, `RewChoiceItemId2`, `RewChoiceItemId3`, `RewChoiceItemId4`, `RewChoiceItemId5`, `RewChoiceItemId6`, `RewChoiceItemCount1`, `RewChoiceItemCount2`, `RewChoiceItemCount3`, `RewChoiceItemCount4`, `RewChoiceItemCount5`, `RewChoiceItemCount6`, `RewItemId1`, `RewItemId2`, `RewItemId3`, `RewItemId4`, `RewItemCount1`, `RewItemCount2`, `RewItemCount3`, `RewItemCount4`, `RewRepFaction1`, `RewRepFaction2`, `RewRepFaction3`, `RewRepFaction4`, `RewRepFaction5`, `RewRepValue1`, `RewRepValue2`, `RewRepValue3`, `RewRepValue4`, `RewRepValue5`, `RewXP`, `RewOrReqMoney`, `RewMoneyMaxLevel`, `RewSpell`, `RewSpellCast`, `RewMailTemplateId`, `RewMailDelaySecs`, `RewMailMoney`, `PointMapId`, `PointX`, `PointY`, `PointOpt`, `DetailsEmote1`, `DetailsEmote2`, `DetailsEmote3`, `DetailsEmote4`, `DetailsEmoteDelay1`, `DetailsEmoteDelay2`, `DetailsEmoteDelay3`, `DetailsEmoteDelay4`, `IncompleteEmote`, `CompleteEmote`, `OfferRewardEmote1`, `OfferRewardEmote2`, `OfferRewardEmote3`, `OfferRewardEmote4`, `OfferRewardEmoteDelay1`, `OfferRewardEmoteDelay2`, `OfferRewardEmoteDelay3`, `OfferRewardEmoteDelay4`, `StartScript`, `CompleteScript`) VALUES ('51021', '0', '2', '405', '5', '0', '6', '0', '0', '0', '0', '0', '0', '0', '92', '3000', '0', '0', '0', '0', '0', '0', '51018', '51022', '0', '51022', '50040', '1', '0', 'Death To The Magram Hyenas', 'The Magram Clan is stupid, even if it is not the weakest it will never rule this land.\n$B$BThe Magram Clan choose a different path from us, the Gelkis Clan trust the earth but the Magram only rely on force, brutality. The Magram also have beasts with them, full of chips and critters that have disease. The $C will put some deadly meats where the hyenas live, the hyenas will eat it and then spread a new disease on all Magram Clan hyenas.$B$BThe $C must find a pile of dirt, it is where the hyenas hide their meat safe.', 'Maintain your reputation with the Gelkis Clan as Friendly and head out to the center of Desolace where you could find a Pile of Dirt and then put meats in 3 piles.', 'The $C came back to the Gelkis, I hope it has good news.', 'The $C must act with discretion, the Magram Clan must not see the $C while it puts the meat.', '', '3 Poisonous Meats Planted', '', '', '', '0', '0', '0', '0', '0', '0', '0', '0', '0', '0', '0', '0', '0', '0', '0', '0', '-4000005', '0', '0', '0', '3', '0', '0', '0', '0', '0', '0', '0', '0', '0', '0', '0', '0', '0', '0', '0', '0', '0', '0', '0', '0', '0', '0', '0', '0', '0', '0', '0', '92', '93', '0', '0', '0', '500', '-750', '0', '0', '0', '2350', '0', '1890', '0', '0', '0', '0', '0', '0', '0', '0', '0', '0', '0', '0', '0', '0', '0', '0', '0', '0', '1', '0', '0', '0', '0', '0', '0', '0', '0', '0', '0');
INSERT INTO `reforged_mangos`.`quest_template` (`entry`, `patch`, `Method`, `ZoneOrSort`, `MinLevel`, `MaxLevel`, `QuestLevel`, `Type`, `RequiredClasses`, `RequiredRaces`, `RequiredSkill`, `RequiredSkillValue`, `RepObjectiveFaction`, `RepObjectiveValue`, `RequiredMinRepFaction`, `RequiredMinRepValue`, `RequiredMaxRepFaction`, `RequiredMaxRepValue`, `SuggestedPlayers`, `LimitTime`, `QuestFlags`, `SpecialFlags`, `PrevQuestId`, `NextQuestId`, `ExclusiveGroup`, `NextQuestInChain`, `SrcItemId`, `SrcItemCount`, `SrcSpell`, `Title`, `Details`, `Objectives`, `OfferRewardText`, `RequestItemsText`, `EndText`, `ObjectiveText1`, `ObjectiveText2`, `ObjectiveText3`, `ObjectiveText4`, `ReqItemId1`, `ReqItemId2`, `ReqItemId3`, `ReqItemId4`, `ReqItemCount1`, `ReqItemCount2`, `ReqItemCount3`, `ReqItemCount4`, `ReqSourceId1`, `ReqSourceId2`, `ReqSourceId3`, `ReqSourceId4`, `ReqSourceCount1`, `ReqSourceCount2`, `ReqSourceCount3`, `ReqSourceCount4`, `ReqCreatureOrGOId1`, `ReqCreatureOrGOId2`, `ReqCreatureOrGOId3`, `ReqCreatureOrGOId4`, `ReqCreatureOrGOCount1`, `ReqCreatureOrGOCount2`, `ReqCreatureOrGOCount3`, `ReqCreatureOrGOCount4`, `ReqSpellCast1`, `ReqSpellCast2`, `ReqSpellCast3`, `ReqSpellCast4`, `RewChoiceItemId1`, `RewChoiceItemId2`, `RewChoiceItemId3`, `RewChoiceItemId4`, `RewChoiceItemId5`, `RewChoiceItemId6`, `RewChoiceItemCount1`, `RewChoiceItemCount2`, `RewChoiceItemCount3`, `RewChoiceItemCount4`, `RewChoiceItemCount5`, `RewChoiceItemCount6`, `RewItemId1`, `RewItemId2`, `RewItemId3`, `RewItemId4`, `RewItemCount1`, `RewItemCount2`, `RewItemCount3`, `RewItemCount4`, `RewRepFaction1`, `RewRepFaction2`, `RewRepFaction3`, `RewRepFaction4`, `RewRepFaction5`, `RewRepValue1`, `RewRepValue2`, `RewRepValue3`, `RewRepValue4`, `RewRepValue5`, `RewXP`, `RewOrReqMoney`, `RewMoneyMaxLevel`, `RewSpell`, `RewSpellCast`, `RewMailTemplateId`, `RewMailDelaySecs`, `RewMailMoney`, `PointMapId`, `PointX`, `PointY`, `PointOpt`, `DetailsEmote1`, `DetailsEmote2`, `DetailsEmote3`, `DetailsEmote4`, `DetailsEmoteDelay1`, `DetailsEmoteDelay2`, `DetailsEmoteDelay3`, `DetailsEmoteDelay4`, `IncompleteEmote`, `CompleteEmote`, `OfferRewardEmote1`, `OfferRewardEmote2`, `OfferRewardEmote3`, `OfferRewardEmote4`, `OfferRewardEmoteDelay1`, `OfferRewardEmoteDelay2`, `OfferRewardEmoteDelay3`, `OfferRewardEmoteDelay4`, `StartScript`, `CompleteScript`)  VALUES ('51022', '0', '2', '405', '5', '0', '6', '0', '0', '0', '0', '0', '0', '0', '92', '3000', '0', '0', '0', '0', '0', '0', '51021', '0', '0', '0', '0', '0', '0', 'Back To Uthek The Wise', 'The $C did well. For now Tatihek has no task to give him, but Tatihek heard that Uthek The Wise was seeking you. The $C must talk to him. ', 'Maintain your reputation with the Gelkis Clan as Friendly and head out to the north of the Gelkis camp to speak with Uthek The Wise', 'Finally the $C came back to Uthek, the Gelkis Clan have much to ask to the $C. ', 'What does the $C wants ?', '', '', '', '', '', '0', '0', '0', '0', '0', '0', '0', '0', '0', '0', '0', '0', '0', '0', '0', '0', '0', '0', '0', '0', '0', '0', '0', '0', '0', '0', '0', '0', '0', '0', '0', '0', '0', '0', '0', '0', '0', '0', '0', '0', '0', '0', '0', '0', '0', '0', '0', '0', '92', '93', '0', '0', '0', '100', '-100', '0', '0', '0', '250', '0', '189', '0', '0', '0', '0', '0', '0', '0', '0', '0', '0', '0', '0', '0', '0', '0', '0', '0', '0', '1', '0', '0', '0', '0', '0', '0', '0', '0', '0', '0');
DELETE FROM `reforged_mangos`.`quest_template` WHERE (`entry` = '1370') and (`patch` = '0');
INSERT INTO `reforged_mangos`.`quest_template` (`entry`, `patch`, `Method`, `ZoneOrSort`, `MinLevel`, `MaxLevel`, `QuestLevel`, `Type`, `RequiredClasses`, `RequiredRaces`, `RequiredSkill`, `RequiredSkillValue`, `RepObjectiveFaction`, `RepObjectiveValue`, `RequiredMinRepFaction`, `RequiredMinRepValue`, `RequiredMaxRepFaction`, `RequiredMaxRepValue`, `SuggestedPlayers`, `LimitTime`, `QuestFlags`, `SpecialFlags`, `PrevQuestId`, `NextQuestId`, `ExclusiveGroup`, `NextQuestInChain`, `SrcItemId`, `SrcItemCount`, `SrcSpell`, `Title`, `Details`, `Objectives`, `OfferRewardText`, `RequestItemsText`, `EndText`, `ObjectiveText1`, `ObjectiveText2`, `ObjectiveText3`, `ObjectiveText4`, `ReqItemId1`, `ReqItemId2`, `ReqItemId3`, `ReqItemId4`, `ReqItemCount1`, `ReqItemCount2`, `ReqItemCount3`, `ReqItemCount4`, `ReqSourceId1`, `ReqSourceId2`, `ReqSourceId3`, `ReqSourceId4`, `ReqSourceCount1`, `ReqSourceCount2`, `ReqSourceCount3`, `ReqSourceCount4`, `ReqCreatureOrGOId1`, `ReqCreatureOrGOId2`, `ReqCreatureOrGOId3`, `ReqCreatureOrGOId4`, `ReqCreatureOrGOCount1`, `ReqCreatureOrGOCount2`, `ReqCreatureOrGOCount3`, `ReqCreatureOrGOCount4`, `ReqSpellCast1`, `ReqSpellCast2`, `ReqSpellCast3`, `ReqSpellCast4`, `RewChoiceItemId1`, `RewChoiceItemId2`, `RewChoiceItemId3`, `RewChoiceItemId4`, `RewChoiceItemId5`, `RewChoiceItemId6`, `RewChoiceItemCount1`, `RewChoiceItemCount2`, `RewChoiceItemCount3`, `RewChoiceItemCount4`, `RewChoiceItemCount5`, `RewChoiceItemCount6`, `RewItemId1`, `RewItemId2`, `RewItemId3`, `RewItemId4`, `RewItemCount1`, `RewItemCount2`, `RewItemCount3`, `RewItemCount4`, `RewRepFaction1`, `RewRepFaction2`, `RewRepFaction3`, `RewRepFaction4`, `RewRepFaction5`, `RewRepValue1`, `RewRepValue2`, `RewRepValue3`, `RewRepValue4`, `RewRepValue5`, `RewXP`, `RewOrReqMoney`, `RewMoneyMaxLevel`, `RewSpell`, `RewSpellCast`, `RewMailTemplateId`, `RewMailDelaySecs`, `RewMailMoney`, `PointMapId`, `PointX`, `PointY`, `PointOpt`, `DetailsEmote1`, `DetailsEmote2`, `DetailsEmote3`, `DetailsEmote4`, `DetailsEmoteDelay1`, `DetailsEmoteDelay2`, `DetailsEmoteDelay3`, `DetailsEmoteDelay4`, `IncompleteEmote`, `CompleteEmote`, `OfferRewardEmote1`, `OfferRewardEmote2`, `OfferRewardEmote3`, `OfferRewardEmote4`, `OfferRewardEmoteDelay1`, `OfferRewardEmoteDelay2`, `OfferRewardEmoteDelay3`, `OfferRewardEmoteDelay4`, `StartScript`, `CompleteScript`) VALUES ('1370', '0', '2', '405', '5', '0', '5', '0', '0', '0', '0', '0', '92', '3000', '0', '0', '0', '0', '0', '0', '8', '0', '51022', '0', '0', '0', '0', '0', '0', 'Stealing Supplies', 'When the Clan is not at war, it hunts for meat.  Meat gives strength, and full bellies fight harder than empty ones.$B$BIt is the same with the Magram Clan.  It stores extra meat so it may fight longer between hunts.  If the $C raid the Magram village to the east and take their stores of meat, then their strength will fail.', 'Bring 6 bags of Crudely Dried Meat to Uthek the Wise in the Gelkis Village.', 'Good. I can hear the loud Magram bellies grumble from their village, far away!$B$BUthek will give this meat to the Gelkis. And the Gelkis Clan will fight for many days without rest.$B$BWhat the $C did is good for the Gelkis.', 'The $C must return after further prove it is worth to the Gelkis!', '', '', '', '', '', '6069', '0', '0', '0', '6', '0', '0', '0', '0', '0', '0', '0', '0', '0', '0', '0', '0', '0', '0', '0', '0', '0', '0', '0', '0', '0', '0', '0', '3463', '3464', '3465', '0', '0', '0', '200', '200', '200', '0', '0', '0', '0', '0', '0', '0', '0', '0', '0', '0', '92', '93', '0', '0', '0', '500', '-1000', '0', '0', '0', '1550', '0', '840', '0', '0', '0', '0', '0', '0', '0', '0', '0', '0', '0', '0', '0', '0', '0', '0', '0', '0', '0', '0', '0', '0', '0', '0', '0', '0', '0', '0', '0');
DELETE FROM `reforged_mangos`.`quest_template` WHERE (`entry` = '1373') and (`patch` = '0');
INSERT INTO `reforged_mangos`.`quest_template` (`entry`, `patch`, `Method`, `ZoneOrSort`, `MinLevel`, `MaxLevel`, `QuestLevel`, `Type`, `RequiredClasses`, `RequiredRaces`, `RequiredSkill`, `RequiredSkillValue`, `RepObjectiveFaction`, `RepObjectiveValue`, `RequiredMinRepFaction`, `RequiredMinRepValue`, `RequiredMaxRepFaction`, `RequiredMaxRepValue`, `SuggestedPlayers`, `LimitTime`, `QuestFlags`, `SpecialFlags`, `PrevQuestId`, `NextQuestId`, `ExclusiveGroup`, `NextQuestInChain`, `SrcItemId`, `SrcItemCount`, `SrcSpell`, `Title`, `Details`, `Objectives`, `OfferRewardText`, `RequestItemsText`, `EndText`, `ObjectiveText1`, `ObjectiveText2`, `ObjectiveText3`, `ObjectiveText4`, `ReqItemId1`, `ReqItemId2`, `ReqItemId3`, `ReqItemId4`, `ReqItemCount1`, `ReqItemCount2`, `ReqItemCount3`, `ReqItemCount4`, `ReqSourceId1`, `ReqSourceId2`, `ReqSourceId3`, `ReqSourceId4`, `ReqSourceCount1`, `ReqSourceCount2`, `ReqSourceCount3`, `ReqSourceCount4`, `ReqCreatureOrGOId1`, `ReqCreatureOrGOId2`, `ReqCreatureOrGOId3`, `ReqCreatureOrGOId4`, `ReqCreatureOrGOCount1`, `ReqCreatureOrGOCount2`, `ReqCreatureOrGOCount3`, `ReqCreatureOrGOCount4`, `ReqSpellCast1`, `ReqSpellCast2`, `ReqSpellCast3`, `ReqSpellCast4`, `RewChoiceItemId1`, `RewChoiceItemId2`, `RewChoiceItemId3`, `RewChoiceItemId4`, `RewChoiceItemId5`, `RewChoiceItemId6`, `RewChoiceItemCount1`, `RewChoiceItemCount2`, `RewChoiceItemCount3`, `RewChoiceItemCount4`, `RewChoiceItemCount5`, `RewChoiceItemCount6`, `RewItemId1`, `RewItemId2`, `RewItemId3`, `RewItemId4`, `RewItemCount1`, `RewItemCount2`, `RewItemCount3`, `RewItemCount4`, `RewRepFaction1`, `RewRepFaction2`, `RewRepFaction3`, `RewRepFaction4`, `RewRepFaction5`, `RewRepValue1`, `RewRepValue2`, `RewRepValue3`, `RewRepValue4`, `RewRepValue5`, `RewXP`, `RewOrReqMoney`, `RewMoneyMaxLevel`, `RewSpell`, `RewSpellCast`, `RewMailTemplateId`, `RewMailDelaySecs`, `RewMailMoney`, `PointMapId`, `PointX`, `PointY`, `PointOpt`, `DetailsEmote1`, `DetailsEmote2`, `DetailsEmote3`, `DetailsEmote4`, `DetailsEmoteDelay1`, `DetailsEmoteDelay2`, `DetailsEmoteDelay3`, `DetailsEmoteDelay4`, `IncompleteEmote`, `CompleteEmote`, `OfferRewardEmote1`, `OfferRewardEmote2`, `OfferRewardEmote3`, `OfferRewardEmote4`, `OfferRewardEmoteDelay1`, `OfferRewardEmoteDelay2`, `OfferRewardEmoteDelay3`, `OfferRewardEmoteDelay4`, `StartScript`, `CompleteScript`) VALUES ('1373', '0', '2', '405', '5', '0', '6', '0', '0', '0', '0', '0', '92', '3000', '0', '0', '0', '0', '0', '0', '8', '0', '51022', '0', '0', '0', '0', '0', '0', 'Ongeku', 'The $C  has more to prove, and his next task will take it far, so for now the Gelkis Clan will fight the Magram alone.$B$BThe earth whispers many secrets to those who listen.  One secret Uthek hears is of a red crystal.  It is called draenethyst, and it is new to our earth.  It comes from a place where mountains fly, and where demons rule.$B$BBring to Uthek a shard of draenethyst, and it will make his magic strong!  The shard is in a place called the Swamp of Sorrows, held by the lost one Ongeku.', 'Maintain your reputation with the Gelkis, and bring a Draenethyst Shard to Uthek the Wise in the Gelkis Village in Desolace.', 'Yes, this is the shard of which the earth whispered. Uthek can feel strong magic in it! He will use this magic against the enemies of the Gelkis.$B$BThe $C have done one more task for the Gelkis Clan, $N. Maybe soon, the Gelkis Clan can call it friend.', 'The $C must show to Uthek that  it is a friend of the Gelkis.', '', '', '', '', '', '6190', '0', '0', '0', '1', '0', '0', '0', '0', '0', '0', '0', '0', '0', '0', '0', '0', '0', '0', '0', '0', '0', '0', '0', '0', '0', '0', '0', '0', '0', '0', '0', '0', '0', '0', '0', '0', '0', '0', '0', '0', '0', '0', '0', '0', '0', '0', '0', '92', '93', '0', '0', '0', '500', '-750', '0', '0', '0', '2850', '0', '1740', '0', '0', '0', '0', '0', '0', '0', '0', '0', '4', '0', '0', '0', '0', '0', '0', '0', '0', '0', '0', '0', '0', '0', '0', '0', '0', '0', '0', '0');
INSERT INTO `reforged_mangos`.`quest_template` (`entry`, `patch`, `Method`, `ZoneOrSort`, `MinLevel`, `MaxLevel`, `QuestLevel`, `Type`, `RequiredClasses`, `RequiredRaces`, `RequiredSkill`, `RequiredSkillValue`, `RepObjectiveFaction`, `RepObjectiveValue`, `RequiredMinRepFaction`, `RequiredMinRepValue`, `RequiredMaxRepFaction`, `RequiredMaxRepValue`, `SuggestedPlayers`, `LimitTime`, `QuestFlags`, `SpecialFlags`, `PrevQuestId`, `NextQuestId`, `ExclusiveGroup`, `NextQuestInChain`, `SrcItemId`, `SrcItemCount`, `SrcSpell`, `Title`, `Details`, `Objectives`, `OfferRewardText`, `RequestItemsText`, `EndText`, `ObjectiveText1`, `ObjectiveText2`, `ObjectiveText3`, `ObjectiveText4`, `ReqItemId1`, `ReqItemId2`, `ReqItemId3`, `ReqItemId4`, `ReqItemCount1`, `ReqItemCount2`, `ReqItemCount3`, `ReqItemCount4`, `ReqSourceId1`, `ReqSourceId2`, `ReqSourceId3`, `ReqSourceId4`, `ReqSourceCount1`, `ReqSourceCount2`, `ReqSourceCount3`, `ReqSourceCount4`, `ReqCreatureOrGOId1`, `ReqCreatureOrGOId2`, `ReqCreatureOrGOId3`, `ReqCreatureOrGOId4`, `ReqCreatureOrGOCount1`, `ReqCreatureOrGOCount2`, `ReqCreatureOrGOCount3`, `ReqCreatureOrGOCount4`, `ReqSpellCast1`, `ReqSpellCast2`, `ReqSpellCast3`, `ReqSpellCast4`, `RewChoiceItemId1`, `RewChoiceItemId2`, `RewChoiceItemId3`, `RewChoiceItemId4`, `RewChoiceItemId5`, `RewChoiceItemId6`, `RewChoiceItemCount1`, `RewChoiceItemCount2`, `RewChoiceItemCount3`, `RewChoiceItemCount4`, `RewChoiceItemCount5`, `RewChoiceItemCount6`, `RewItemId1`, `RewItemId2`, `RewItemId3`, `RewItemId4`, `RewItemCount1`, `RewItemCount2`, `RewItemCount3`, `RewItemCount4`, `RewRepFaction1`, `RewRepFaction2`, `RewRepFaction3`, `RewRepFaction4`, `RewRepFaction5`, `RewRepValue1`, `RewRepValue2`, `RewRepValue3`, `RewRepValue4`, `RewRepValue5`, `RewXP`, `RewOrReqMoney`, `RewMoneyMaxLevel`, `RewSpell`, `RewSpellCast`, `RewMailTemplateId`, `RewMailDelaySecs`, `RewMailMoney`, `PointMapId`, `PointX`, `PointY`, `PointOpt`, `DetailsEmote1`, `DetailsEmote2`, `DetailsEmote3`, `DetailsEmote4`, `DetailsEmoteDelay1`, `DetailsEmoteDelay2`, `DetailsEmoteDelay3`, `DetailsEmoteDelay4`, `IncompleteEmote`, `CompleteEmote`, `OfferRewardEmote1`, `OfferRewardEmote2`, `OfferRewardEmote3`, `OfferRewardEmote4`, `OfferRewardEmoteDelay1`, `OfferRewardEmoteDelay2`, `OfferRewardEmoteDelay3`, `OfferRewardEmoteDelay4`, `StartScript`, `CompleteScript`) VALUES ('51023', '0', '2', '405', '5', '0', '6', '0', '0', '0', '0', '0', '92', '3000', '0', '0', '0', '0', '0', '0', '8', '0', '51022', '51024', '0', '51024', '0', '0', '0', 'The Art Of Gelkis Shamanism : The Earth', 'The $C starts a long journey, it will be confronted to many dangers from across the big salted water.$B$BWhat the $C\'s Clan call Desolace was once a greenish land. The earth here is not as well as it was back in the past. The earth whispers to Uthek, and she says that this our mother that cause this...$B$B  Uthek is not sure about it but he wants to use the strengh that remain in this land. For it Uthek will need many things. The $C can start with bring here some clay from The Swamp Of Sorrow this will be the start for a great thing.The Clay should be find on creatures that embody the Swamp. ', 'Maintain your reputation with the Gelkis, and bring an Heart Of Clay to Uthek the Wise in the Gelkis Village in Desolace.', 'Yes, this is an important and usefull component for what is ahed of the Gelkis Clan. Uthek can feel an healty earth in it!', 'The $C must show to Uthek that it is ready to go further with the Gelkis.', '', '', '', '', '', '50041', '0', '0', '0', '1', '0', '0', '0', '0', '0', '0', '0', '0', '0', '0', '0', '0', '0', '0', '0', '0', '0', '0', '0', '0', '0', '0', '0', '0', '0', '0', '0', '0', '0', '0', '0', '0', '0', '0', '0', '0', '0', '0', '0', '0', '0', '0', '0', '92', '93', '0', '0', '0', '500', '-750', '0', '0', '0', '2050', '0', '1240', '0', '0', '0', '0', '0', '0', '0', '0', '0', '4', '0', '0', '0', '0', '0', '0', '0', '0', '0', '0', '0', '0', '0', '0', '0', '0', '0', '0', '0');
		-- Adding  Desolace Quest for Gelkis Neutral to Friendly QuestsItem required  --
INSERT INTO `reforged_mangos`.`item_template` (`entry`, `patch`, `class`, `subclass`, `name`, `description`, `display_id`, `quality`, `flags`, `buy_count`, `buy_price`, `sell_price`, `inventory_type`, `allowable_class`, `allowable_race`, `item_level`, `required_level`, `required_skill`, `required_skill_rank`, `required_spell`, `required_honor_rank`, `required_city_rank`, `required_reputation_faction`, `required_reputation_rank`, `max_count`, `stackable`, `container_slots`, `stat_type1`, `stat_value1`, `stat_type2`, `stat_value2`, `stat_type3`, `stat_value3`, `stat_type4`, `stat_value4`, `stat_type5`, `stat_value5`, `stat_type6`, `stat_value6`, `stat_type7`, `stat_value7`, `stat_type8`, `stat_value8`, `stat_type9`, `stat_value9`, `stat_type10`, `stat_value10`, `delay`, `range_mod`, `ammo_type`, `dmg_min1`, `dmg_max1`, `dmg_type1`, `dmg_min2`, `dmg_max2`, `dmg_type2`, `dmg_min3`, `dmg_max3`, `dmg_type3`, `dmg_min4`, `dmg_max4`, `dmg_type4`, `dmg_min5`, `dmg_max5`, `dmg_type5`, `block`, `armor`, `holy_res`, `fire_res`, `nature_res`, `frost_res`, `shadow_res`, `arcane_res`, `spellid_1`, `spelltrigger_1`, `spellcharges_1`, `spellppmrate_1`, `spellcooldown_1`, `spellcategory_1`, `spellcategorycooldown_1`, `spellid_2`, `spelltrigger_2`, `spellcharges_2`, `spellppmrate_2`, `spellcooldown_2`, `spellcategory_2`, `spellcategorycooldown_2`, `spellid_3`, `spelltrigger_3`, `spellcharges_3`, `spellppmrate_3`, `spellcooldown_3`, `spellcategory_3`, `spellcategorycooldown_3`, `spellid_4`, `spelltrigger_4`, `spellcharges_4`, `spellppmrate_4`, `spellcooldown_4`, `spellcategory_4`, `spellcategorycooldown_4`, `spellid_5`, `spelltrigger_5`, `spellcharges_5`, `spellppmrate_5`, `spellcooldown_5`, `spellcategory_5`, `spellcategorycooldown_5`, `bonding`, `page_text`, `page_language`, `page_material`, `start_quest`, `lock_id`, `material`, `sheath`, `random_property`, `set_id`, `max_durability`, `area_bound`, `map_bound`, `duration`, `bag_family`, `disenchant_id`, `food_type`, `min_money_loot`, `max_money_loot`, `extra_flags`, `other_team_entry`) VALUES ('50038', '0', '12', '0', 'Demonic Cloth Piece', '', '33456', '1', '0', '1', '0', '0', '0', '-1', '-1', '1', '0', '0', '0', '0', '0', '0', '0', '0', '0', '20', '20', '0', '0', '0', '0', '0', '0', '0', '0', '0', '0', '0', '0', '0', '0', '0', '0', '0', '0', '0', '0', '0', '0', '0', '0', '0', '0', '0', '0', '0', '0', '0', '0', '0', '0', '0', '0', '0', '0', '0', '0', '0', '0', '0', '0', '0', '0', '0', '0', '0', '0', '-1', '0', '-1', '0', '0', '0', '0', '-1', '0', '-1', '0', '0', '0', '0', '-1', '0', '-1', '0', '0', '0', '0', '-1', '0', '-1', '0', '0', '0', '0', '0', '0', '0', '4', '0', '0', '0', '0', '0', '0', '0', '0', '0', '0', '0', '0', '0', '0', '0', '0', '0', '0', '0', '1');
INSERT INTO `reforged_mangos`.`item_template` (`entry`, `patch`, `class`, `subclass`, `name`, `description`, `display_id`, `quality`, `flags`, `buy_count`, `buy_price`, `sell_price`, `inventory_type`, `allowable_class`, `allowable_race`, `item_level`, `required_level`, `required_skill`, `required_skill_rank`, `required_spell`, `required_honor_rank`, `required_city_rank`, `required_reputation_faction`, `required_reputation_rank`, `max_count`, `stackable`, `container_slots`, `stat_type1`, `stat_value1`, `stat_type2`, `stat_value2`, `stat_type3`, `stat_value3`, `stat_type4`, `stat_value4`, `stat_type5`, `stat_value5`, `stat_type6`, `stat_value6`, `stat_type7`, `stat_value7`, `stat_type8`, `stat_value8`, `stat_type9`, `stat_value9`, `stat_type10`, `stat_value10`, `delay`, `range_mod`, `ammo_type`, `dmg_min1`, `dmg_max1`, `dmg_type1`, `dmg_min2`, `dmg_max2`, `dmg_type2`, `dmg_min3`, `dmg_max3`, `dmg_type3`, `dmg_min4`, `dmg_max4`, `dmg_type4`, `dmg_min5`, `dmg_max5`, `dmg_type5`, `block`, `armor`, `holy_res`, `fire_res`, `nature_res`, `frost_res`, `shadow_res`, `arcane_res`, `spellid_1`, `spelltrigger_1`, `spellcharges_1`, `spellppmrate_1`, `spellcooldown_1`, `spellcategory_1`, `spellcategorycooldown_1`, `spellid_2`, `spelltrigger_2`, `spellcharges_2`, `spellppmrate_2`, `spellcooldown_2`, `spellcategory_2`, `spellcategorycooldown_2`, `spellid_3`, `spelltrigger_3`, `spellcharges_3`, `spellppmrate_3`, `spellcooldown_3`, `spellcategory_3`, `spellcategorycooldown_3`, `spellid_4`, `spelltrigger_4`, `spellcharges_4`, `spellppmrate_4`, `spellcooldown_4`, `spellcategory_4`, `spellcategorycooldown_4`, `spellid_5`, `spelltrigger_5`, `spellcharges_5`, `spellppmrate_5`, `spellcooldown_5`, `spellcategory_5`, `spellcategorycooldown_5`, `bonding`, `page_text`, `page_language`, `page_material`, `start_quest`, `lock_id`, `material`, `sheath`, `random_property`, `set_id`, `max_durability`, `area_bound`, `map_bound`, `duration`, `bag_family`, `disenchant_id`, `food_type`, `min_money_loot`, `max_money_loot`, `extra_flags`, `other_team_entry`) VALUES ('50039', '0', '12', '0', 'Naga Heavy Scale', 'It does not seems like they are differents from others Naga Scales...', '22838', '1', '0', '1', '0', '0', '0', '-1', '-1', '1', '0', '0', '0', '0', '0', '0', '0', '0', '0', '20', '20', '0', '0', '0', '0', '0', '0', '0', '0', '0', '0', '0', '0', '0', '0', '0', '0', '0', '0', '0', '0', '0', '0', '0', '0', '0', '0', '0', '0', '0', '0', '0', '0', '0', '0', '0', '0', '0', '0', '0', '0', '0', '0', '0', '0', '0', '0', '0', '0', '0', '0', '-1', '0', '-1', '0', '0', '0', '0', '-1', '0', '-1', '0', '0', '0', '0', '-1', '0', '-1', '0', '0', '0', '0', '-1', '0', '-1', '0', '0', '0', '0', '0', '0', '0', '4', '0', '0', '0', '0', '0', '0', '0', '0', '0', '0', '0', '0', '0', '0', '0', '0', '0', '0', '0', '1');
INSERT INTO `reforged_mangos`.`item_template` (`entry`, `patch`, `class`, `subclass`, `name`, `description`, `display_id`, `quality`, `flags`, `buy_count`, `buy_price`, `sell_price`, `inventory_type`, `allowable_class`, `allowable_race`, `item_level`, `required_level`, `required_skill`, `required_skill_rank`, `required_spell`, `required_honor_rank`, `required_city_rank`, `required_reputation_faction`, `required_reputation_rank`, `max_count`, `stackable`, `container_slots`, `stat_type1`, `stat_value1`, `stat_type2`, `stat_value2`, `stat_type3`, `stat_value3`, `stat_type4`, `stat_value4`, `stat_type5`, `stat_value5`, `stat_type6`, `stat_value6`, `stat_type7`, `stat_value7`, `stat_type8`, `stat_value8`, `stat_type9`, `stat_value9`, `stat_type10`, `stat_value10`, `delay`, `range_mod`, `ammo_type`, `dmg_min1`, `dmg_max1`, `dmg_type1`, `dmg_min2`, `dmg_max2`, `dmg_type2`, `dmg_min3`, `dmg_max3`, `dmg_type3`, `dmg_min4`, `dmg_max4`, `dmg_type4`, `dmg_min5`, `dmg_max5`, `dmg_type5`, `block`, `armor`, `holy_res`, `fire_res`, `nature_res`, `frost_res`, `shadow_res`, `arcane_res`, `spellid_1`, `spelltrigger_1`, `spellcharges_1`, `spellppmrate_1`, `spellcooldown_1`, `spellcategory_1`, `spellcategorycooldown_1`, `spellid_2`, `spelltrigger_2`, `spellcharges_2`, `spellppmrate_2`, `spellcooldown_2`, `spellcategory_2`, `spellcategorycooldown_2`, `spellid_3`, `spelltrigger_3`, `spellcharges_3`, `spellppmrate_3`, `spellcooldown_3`, `spellcategory_3`, `spellcategorycooldown_3`, `spellid_4`, `spelltrigger_4`, `spellcharges_4`, `spellppmrate_4`, `spellcooldown_4`, `spellcategory_4`, `spellcategorycooldown_4`, `spellid_5`, `spelltrigger_5`, `spellcharges_5`, `spellppmrate_5`, `spellcooldown_5`, `spellcategory_5`, `spellcategorycooldown_5`, `bonding`, `page_text`, `page_language`, `page_material`, `start_quest`, `lock_id`, `material`, `sheath`, `random_property`, `set_id`, `max_durability`, `area_bound`, `map_bound`, `duration`, `bag_family`, `disenchant_id`, `food_type`, `min_money_loot`, `max_money_loot`, `extra_flags`, `other_team_entry`) VALUES ('50040', '0', '13', '0', 'Poisoneds Meats', 'Put those meats on Dirt Mound in Desolace', '33203', '1', '64', '1', '0', '0', '0', '0', '0', '1', '0', '0', '0', '0', '0', '0', '0', '0', '1', '1', '0', '0', '0', '0', '0', '0', '0', '0', '0', '0', '0', '0', '0', '0', '0', '0', '0', '0', '0', '0', '0', '0', '0', '0', '0', '0', '0', '0', '0', '0', '0', '0', '0', '0', '0', '0', '0', '0', '0', '0', '0', '0', '0', '0', '0', '0', '0', '35018', '0', '-1', '0', '-1', '0', '-1', '0', '0', '0', '0', '-1', '0', '-1', '0', '0', '0', '0', '-1', '0', '-1', '0', '0', '0', '0', '-1', '0', '-1', '0', '0', '0', '0', '0', '0', '0', '4', '0', '0', '0', '0', '0', '-1', '0', '0', '0', '0', '0', '0', '0', '0', '0', '0', '0', '0', '0', '1');
INSERT INTO `reforged_mangos`.`item_template` (`entry`, `patch`, `class`, `subclass`, `name`, `description`, `display_id`, `quality`, `flags`, `buy_count`, `buy_price`, `sell_price`, `inventory_type`, `allowable_class`, `allowable_race`, `item_level`, `required_level`, `required_skill`, `required_skill_rank`, `required_spell`, `required_honor_rank`, `required_city_rank`, `required_reputation_faction`, `required_reputation_rank`, `max_count`, `stackable`, `container_slots`, `stat_type1`, `stat_value1`, `stat_type2`, `stat_value2`, `stat_type3`, `stat_value3`, `stat_type4`, `stat_value4`, `stat_type5`, `stat_value5`, `stat_type6`, `stat_value6`, `stat_type7`, `stat_value7`, `stat_type8`, `stat_value8`, `stat_type9`, `stat_value9`, `stat_type10`, `stat_value10`, `delay`, `range_mod`, `ammo_type`, `dmg_min1`, `dmg_max1`, `dmg_type1`, `dmg_min2`, `dmg_max2`, `dmg_type2`, `dmg_min3`, `dmg_max3`, `dmg_type3`, `dmg_min4`, `dmg_max4`, `dmg_type4`, `dmg_min5`, `dmg_max5`, `dmg_type5`, `block`, `armor`, `holy_res`, `fire_res`, `nature_res`, `frost_res`, `shadow_res`, `arcane_res`, `spellid_1`, `spelltrigger_1`, `spellcharges_1`, `spellppmrate_1`, `spellcooldown_1`, `spellcategory_1`, `spellcategorycooldown_1`, `spellid_2`, `spelltrigger_2`, `spellcharges_2`, `spellppmrate_2`, `spellcooldown_2`, `spellcategory_2`, `spellcategorycooldown_2`, `spellid_3`, `spelltrigger_3`, `spellcharges_3`, `spellppmrate_3`, `spellcooldown_3`, `spellcategory_3`, `spellcategorycooldown_3`, `spellid_4`, `spelltrigger_4`, `spellcharges_4`, `spellppmrate_4`, `spellcooldown_4`, `spellcategory_4`, `spellcategorycooldown_4`, `spellid_5`, `spelltrigger_5`, `spellcharges_5`, `spellppmrate_5`, `spellcooldown_5`, `spellcategory_5`, `spellcategorycooldown_5`, `bonding`, `page_text`, `page_language`, `page_material`, `start_quest`, `lock_id`, `material`, `sheath`, `random_property`, `set_id`, `max_durability`, `area_bound`, `map_bound`, `duration`, `bag_family`, `disenchant_id`, `food_type`, `min_money_loot`, `max_money_loot`, `extra_flags`, `other_team_entry`) VALUES ('50041', '0', '12', '0', 'Heart of Clay', '', '7157', '1', '0', '1', '0', '0', '0', '-1', '-1', '1', '0', '0', '0', '0', '0', '0', '0', '0', '0', '1', '0', '0', '0', '0', '0', '0', '0', '0', '0', '0', '0', '0', '0', '0', '0', '0', '0', '0', '0', '0', '0', '0', '0', '0', '0', '0', '0', '0', '0', '0', '0', '0', '0', '0', '0', '0', '0', '0', '0', '0', '0', '0', '0', '0', '0', '0', '0', '0', '0', '0', '0', '-1', '0', '-1', '0', '0', '0', '0', '-1', '0', '-1', '0', '0', '0', '0', '-1', '0', '-1', '0', '0', '0', '0', '-1', '0', '-1', '0', '0', '0', '0', '0', '0', '0', '4', '0', '0', '0', '0', '0', '0', '0', '0', '0', '0', '0', '0', '0', '0', '0', '0', '0', '0', '0', '1');
		-- Adding  Desolace Quest for Gelkis Neutral to Friendly Questsgameobject related to quest 51021 (need to make them disappear after use)  --
INSERT INTO `reforged_mangos`.`gameobject_template` (`entry`, `patch`, `type`, `displayId`, `name`, `faction`, `flags`, `size`, `data0`, `data1`, `data2`, `data3`, `data4`, `data5`, `data6`, `data7`, `data8`, `data9`, `data10`, `data11`, `data12`, `data13`, `data14`, `data15`, `data16`, `data17`, `data18`, `data19`, `data20`, `data21`, `data22`, `data23`, `mingold`, `maxgold`, `script_name`) VALUES ('4000005', '0', '10', '20', 'Hyena Meat Safe', '0', '4', '0.5', '640', '51021', '14000004', '0', '0', '0', '0', '0', '0', '0', '0', '0', '0', '0', '0', '0', '0', '0', '0', '0', '0', '0', '0', '0', '0', '0', '');
		-- Adding  Desolace Quest for Gelkis Neutral to Friendly Questsgameobject Spawn related to quest 51021  --
INSERT INTO `reforged_mangos`.`gameobject` (`guid`, `id`, `map`, `position_x`, `position_y`, `position_z`, `orientation`, `rotation0`, `rotation1`, `rotation2`, `rotation3`, `spawntimesecsmin`, `spawntimesecsmax`, `animprogress`, `state`, `patch_min`, `patch_max`) VALUES ('3998655', '4000005', '1', '-712.894', '1675.66', '90.287', '5.23153', '0', '0', '0.501927', '-0.86491', '525', '525', '100', '1', '0', '10');
INSERT INTO `reforged_mangos`.`gameobject` (`guid`, `id`, `map`, `position_x`, `position_y`, `position_z`, `orientation`, `rotation0`, `rotation1`, `rotation2`, `rotation3`, `spawntimesecsmin`, `spawntimesecsmax`, `animprogress`, `state`, `patch_min`, `patch_max`) VALUES ('3998654', '4000005', '1', '-784.82', '1962.85', '88.6058', '3.59006', '0', '0', '0.974964', '-0.222361', '525', '525', '100', '1', '0', '10');
INSERT INTO `reforged_mangos`.`gameobject` (`guid`, `id`, `map`, `position_x`, `position_y`, `position_z`, `orientation`, `rotation0`, `rotation1`, `rotation2`, `rotation3`, `spawntimesecsmin`, `spawntimesecsmax`, `animprogress`, `state`, `patch_min`, `patch_max`) VALUES ('3998653', '4000005', '1', '-999.934', '2048.51', '63.3526', '4.81529', '0', '0', '0.669807', '-0.742535', '525', '525', '100', '1', '0', '10');
INSERT INTO `reforged_mangos`.`gameobject` (`guid`, `id`, `map`, `position_x`, `position_y`, `position_z`, `orientation`, `rotation0`, `rotation1`, `rotation2`, `rotation3`, `spawntimesecsmin`, `spawntimesecsmax`, `animprogress`, `state`, `patch_min`, `patch_max`) VALUES ('3998652', '4000005', '1', '-1103.66', '2052.39', '59.0113', '0.479887', '0', '0', '0.237648', '0.971351', '525', '525', '100', '1', '0', '10');
INSERT INTO `reforged_mangos`.`gameobject` (`guid`, `id`, `map`, `position_x`, `position_y`, `position_z`, `orientation`, `rotation0`, `rotation1`, `rotation2`, `rotation3`, `spawntimesecsmin`, `spawntimesecsmax`, `animprogress`, `state`, `patch_min`, `patch_max`) VALUES ('3998651', '4000005', '1', '-1121.08', '1982.97', '67.7073', '2.55334', '0', '0', '0.957055', '0.289905', '525', '525', '100', '1', '0', '10');
INSERT INTO `reforged_mangos`.`gameobject` (`guid`, `id`, `map`, `position_x`, `position_y`, `position_z`, `orientation`, `rotation0`, `rotation1`, `rotation2`, `rotation3`, `spawntimesecsmin`, `spawntimesecsmax`, `animprogress`, `state`, `patch_min`, `patch_max`) VALUES ('3998650', '4000005', '1', '-914.333', '1977.96', '65.7235', '6.15832', '0', '0', '0.0623945', '-0.998052', '525', '525', '100', '1', '0', '10');
INSERT INTO `reforged_mangos`.`gameobject` (`guid`, `id`, `map`, `position_x`, `position_y`, `position_z`, `orientation`, `rotation0`, `rotation1`, `rotation2`, `rotation3`, `spawntimesecsmin`, `spawntimesecsmax`, `animprogress`, `state`, `patch_min`, `patch_max`) VALUES ('3998649', '4000005', '1', '-686.29', '1782.39', '93.3287', '3.05206', '0', '0', '0.998998', '0.0447501', '525', '525', '100', '1', '0', '10');
INSERT INTO `reforged_mangos`.`gameobject` (`guid`, `id`, `map`, `position_x`, `position_y`, `position_z`, `orientation`, `rotation0`, `rotation1`, `rotation2`, `rotation3`, `spawntimesecsmin`, `spawntimesecsmax`, `animprogress`, `state`, `patch_min`, `patch_max`) VALUES ('3998647', '4000005', '1', '-975.879', '1777.67', '61.5155', '4.95273', '0', '0', '0.61724', '-0.786775', '525', '525', '100', '1', '0', '10');


		-- Adding  Desolace Quest for Gelkis Neutral to Friendly QuestsItem loottemplate  --
INSERT INTO `reforged_mangos`.`creature_loot_template` (`entry`, `item`, `ChanceOrQuestChance`, `groupid`, `mincountOrRef`, `maxcount`, `condition_id`, `patch_min`, `patch_max`) VALUES ('4672', '50038', '-95', '0', '1', '3', '0', '0', '10');
INSERT INTO `reforged_mangos`.`creature_loot_template` (`entry`, `item`, `ChanceOrQuestChance`, `groupid`, `mincountOrRef`, `maxcount`, `condition_id`, `patch_min`, `patch_max`) VALUES ('4670', '50038', '-95', '0', '1', '3', '0', '0', '10');
INSERT INTO `reforged_mangos`.`creature_loot_template` (`entry`, `item`, `ChanceOrQuestChance`, `groupid`, `mincountOrRef`, `maxcount`, `condition_id`, `patch_min`, `patch_max`) VALUES ('4671', '50038', '-95', '0', '1', '3', '0', '0', '10');
INSERT INTO `reforged_mangos`.`creature_loot_template` (`entry`, `item`, `ChanceOrQuestChance`, `groupid`, `mincountOrRef`, `maxcount`, `condition_id`, `patch_min`, `patch_max`) VALUES ('4673', '50038', '-95', '0', '1', '3', '0', '0', '10');
INSERT INTO `reforged_mangos`.`creature_loot_template` (`entry`, `item`, `ChanceOrQuestChance`, `groupid`, `mincountOrRef`, `maxcount`, `condition_id`, `patch_min`, `patch_max`) VALUES ('4675', '50038', '-95', '0', '1', '3', '0', '0', '10');
INSERT INTO `reforged_mangos`.`creature_loot_template` (`entry`, `item`, `ChanceOrQuestChance`, `groupid`, `mincountOrRef`, `maxcount`, `condition_id`, `patch_min`, `patch_max`) VALUES ('4674', '50038', '-95', '0', '1', '3', '0', '0', '10');
INSERT INTO `reforged_mangos`.`creature_loot_template` (`entry`, `item`, `ChanceOrQuestChance`, `groupid`, `mincountOrRef`, `maxcount`, `condition_id`, `patch_min`, `patch_max`) VALUES ('4714', '50039', '-100', '0', '1', '1', '0', '0', '10');
INSERT INTO `reforged_mangos`.`creature_loot_template` (`entry`, `item`, `ChanceOrQuestChance`, `groupid`, `mincountOrRef`, `maxcount`, `condition_id`, `patch_min`, `patch_max`) VALUES ('4718', '50039', '-100', '0', '1', '1', '0', '0', '10');
INSERT INTO `reforged_mangos`.`creature_loot_template` (`entry`, `item`, `ChanceOrQuestChance`, `groupid`, `mincountOrRef`, `maxcount`, `condition_id`, `patch_min`, `patch_max`) VALUES ('4711', '50039', '-100', '0', '1', '1', '0', '0', '10');
INSERT INTO `reforged_mangos`.`creature_loot_template` (`entry`, `item`, `ChanceOrQuestChance`, `groupid`, `mincountOrRef`, `maxcount`, `condition_id`, `patch_min`, `patch_max`) VALUES ('4713', '50039', '-100', '0', '1', '1', '0', '0', '10');
INSERT INTO `reforged_mangos`.`creature_loot_template` (`entry`, `item`, `ChanceOrQuestChance`, `groupid`, `mincountOrRef`, `maxcount`, `condition_id`, `patch_min`, `patch_max`) VALUES ('4712', '50039', '-100', '0', '1', '1', '0', '0', '10');
INSERT INTO `reforged_mangos`.`creature_loot_template` (`entry`, `item`, `ChanceOrQuestChance`, `groupid`, `mincountOrRef`, `maxcount`, `condition_id`, `patch_min`, `patch_max`) VALUES ('766', '50041', '-25', '0', '1', '1', '0', '0', '10');
INSERT INTO `reforged_mangos`.`creature_loot_template` (`entry`, `item`, `ChanceOrQuestChance`, `groupid`, `mincountOrRef`, `maxcount`, `condition_id`, `patch_min`, `patch_max`) VALUES ('6932', '50041', '-30', '0', '1', '1', '0', '0', '10');
INSERT INTO `reforged_mangos`.`creature_loot_template` (`entry`, `item`, `ChanceOrQuestChance`, `groupid`, `mincountOrRef`, `maxcount`, `condition_id`, `patch_min`, `patch_max`) VALUES ('764', '50041', '-25', '0', '1', '1', '0', '0', '10');
INSERT INTO `reforged_mangos`.`creature_loot_template` (`entry`, `item`, `ChanceOrQuestChance`, `groupid`, `mincountOrRef`, `maxcount`, `condition_id`, `patch_min`, `patch_max`) VALUES ('14448', '50041', '-30', '0', '1', '1', '0', '0', '10');
INSERT INTO `reforged_mangos`.`creature_loot_template` (`entry`, `item`, `ChanceOrQuestChance`, `groupid`, `mincountOrRef`, `maxcount`, `condition_id`, `patch_min`, `patch_max`) VALUES ('765', '50041', '-25', '0', '1', '1', '0', '0', '10');
		-- Adding  Desolace Quest for Gelkis Neutral to Friendly QuestGiver   --
INSERT INTO `reforged_mangos`.`creature_template` (`entry`, `patch`, `display_id1`, `display_id2`, `display_id3`, `display_id4`, `name`, `subname`, `gossip_menu_id`, `level_min`, `level_max`, `health_min`, `health_max`, `mana_min`, `mana_max`, `armor`, `faction`, `npc_flags`, `speed_walk`, `speed_run`, `detection_range`, `call_for_help_range`, `leash_range`, `rank`, `xp_multiplier`, `dmg_min`, `dmg_max`, `dmg_school`, `attack_power`, `dmg_multiplier`, `base_attack_time`, `ranged_attack_time`, `unit_class`, `unit_flags`, `dynamic_flags`, `beast_family`, `trainer_type`, `trainer_spell`, `trainer_class`, `trainer_race`, `ranged_dmg_min`, `ranged_dmg_max`, `ranged_attack_power`, `type`, `type_flags`, `loot_id`, `pickpocket_loot_id`, `skinning_loot_id`, `holy_res`, `fire_res`, `nature_res`, `frost_res`, `shadow_res`, `arcane_res`, `spell_id1`, `spell_id2`, `spell_id3`, `spell_id4`, `spell_list_id`, `pet_spell_list_id`, `gold_min`, `gold_max`, `ai_name`, `movement_type`, `inhabit_type`, `civilian`, `racial_leader`, `regeneration`, `equipment_id`, `trainer_id`, `vendor_id`, `mechanic_immune_mask`, `school_immune_mask`, `flags_extra`, `script_name`) VALUES ('1000010', '0', '9423', '0', '0', '0', 'Tatihek', 'Gelkis Quartermaster', '0', '5', '5', '1850', '1850', '0', '0', '1408', '132', '7', '1.1', '0', '20', '5', '0', '0', '1', '37', '48', '0', '210', '1', '1100', '2000', '1', '0', '0', '0', '0', '0', '0', '0', '72.9872', '100.357', '100', '7', '0', '0', '0', '0', '0', '0', '0', '0', '0', '0', '0', '0', '0', '0', '0', '0', '0', '0', '', '0', '3', '0', '0', '3', '0', '0', '2000002', '0', '0', '2', '');
		-- Adding  Desolace Quest for Gelkis Neutral to Friendly QuestGiver Spawn  --
INSERT INTO `reforged_mangos`.`creature` (`guid`, `id`, `id2`, `id3`, `id4`, `map`, `equipment_id`, `position_x`, `position_y`, `position_z`, `orientation`, `spawntimesecsmin`, `spawntimesecsmax`, `patch_min`, `patch_max`) VALUES ('2530605', '1000010', '0', '0', '0', '1', '0', '-2411', '2421.54', '74.6579', '5.49828', '25', '25', '0', '10');

		-- Adding  Desolace Quest for Gelkis Neutral to Friendly  Questrelation and involvedrelation   --
INSERT INTO `reforged_mangos`.`creature_questrelation` (`id`, `quest`, `patch_min`, `patch_max`) VALUES ('5397', '51017', '0', '10');
INSERT INTO `reforged_mangos`.`creature_questrelation` (`id`, `quest`, `patch_min`, `patch_max`) VALUES ('5397', '51018', '0', '10');
INSERT INTO `reforged_mangos`.`creature_questrelation` (`id`, `quest`, `patch_min`, `patch_max`) VALUES ('1000010', '51019', '0', '10');
INSERT INTO `reforged_mangos`.`creature_questrelation` (`id`, `quest`, `patch_min`, `patch_max`) VALUES ('1000010', '51020', '0', '10');
INSERT INTO `reforged_mangos`.`creature_questrelation` (`id`, `quest`, `patch_min`, `patch_max`) VALUES ('1000010', '51021', '0', '10');
INSERT INTO `reforged_mangos`.`creature_questrelation` (`id`, `quest`, `patch_min`, `patch_max`) VALUES ('1000010', '51022', '0', '10');
INSERT INTO `reforged_mangos`.`creature_questrelation` (`id`, `quest`, `patch_min`, `patch_max`) VALUES ('5397', '51023', '0', '10');
INSERT INTO `reforged_mangos`.`creature_involvedrelation` (`id`, `quest`, `patch_min`, `patch_max`) VALUES ('5397', '51017', '0', '10');
INSERT INTO `reforged_mangos`.`creature_involvedrelation` (`id`, `quest`, `patch_min`, `patch_max`) VALUES ('1000010', '51018', '0', '10');
INSERT INTO `reforged_mangos`.`creature_involvedrelation` (`id`, `quest`, `patch_min`, `patch_max`) VALUES ('1000010', '51019', '0', '10');
INSERT INTO `reforged_mangos`.`creature_involvedrelation` (`id`, `quest`, `patch_min`, `patch_max`) VALUES ('1000010', '51020', '0', '10');
INSERT INTO `reforged_mangos`.`creature_involvedrelation` (`id`, `quest`, `patch_min`, `patch_max`) VALUES ('1000010', '51021', '0', '10');
INSERT INTO `reforged_mangos`.`creature_involvedrelation` (`id`, `quest`, `patch_min`, `patch_max`) VALUES ('5397', '51022', '0', '10');
INSERT INTO `reforged_mangos`.`creature_involvedrelation` (`id`, `quest`, `patch_min`, `patch_max`) VALUES ('5397', '51023', '0', '10');

		--  Adding  Desolace Quest for Magram Friendly 3000 to Honored Quests --
INSERT INTO `reforged_mangos`.`quest_template` (`entry`, `patch`, `Method`, `ZoneOrSort`, `MinLevel`, `MaxLevel`, `QuestLevel`, `Type`, `RequiredClasses`, `RequiredRaces`, `RequiredSkill`, `RequiredSkillValue`, `RepObjectiveFaction`, `RepObjectiveValue`, `RequiredMinRepFaction`, `RequiredMinRepValue`, `RequiredMaxRepFaction`, `RequiredMaxRepValue`, `SuggestedPlayers`, `LimitTime`, `QuestFlags`, `SpecialFlags`, `PrevQuestId`, `NextQuestId`, `ExclusiveGroup`, `NextQuestInChain`, `SrcItemId`, `SrcItemCount`, `SrcSpell`, `Title`, `Details`, `Objectives`, `OfferRewardText`, `RequestItemsText`, `EndText`, `ObjectiveText1`, `ObjectiveText2`, `ObjectiveText3`, `ObjectiveText4`, `ReqItemId1`, `ReqItemId2`, `ReqItemId3`, `ReqItemId4`, `ReqItemCount1`, `ReqItemCount2`, `ReqItemCount3`, `ReqItemCount4`, `ReqSourceId1`, `ReqSourceId2`, `ReqSourceId3`, `ReqSourceId4`, `ReqSourceCount1`, `ReqSourceCount2`, `ReqSourceCount3`, `ReqSourceCount4`, `ReqCreatureOrGOId1`, `ReqCreatureOrGOId2`, `ReqCreatureOrGOId3`, `ReqCreatureOrGOId4`, `ReqCreatureOrGOCount1`, `ReqCreatureOrGOCount2`, `ReqCreatureOrGOCount3`, `ReqCreatureOrGOCount4`, `ReqSpellCast1`, `ReqSpellCast2`, `ReqSpellCast3`, `ReqSpellCast4`, `RewChoiceItemId1`, `RewChoiceItemId2`, `RewChoiceItemId3`, `RewChoiceItemId4`, `RewChoiceItemId5`, `RewChoiceItemId6`, `RewChoiceItemCount1`, `RewChoiceItemCount2`, `RewChoiceItemCount3`, `RewChoiceItemCount4`, `RewChoiceItemCount5`, `RewChoiceItemCount6`, `RewItemId1`, `RewItemId2`, `RewItemId3`, `RewItemId4`, `RewItemCount1`, `RewItemCount2`, `RewItemCount3`, `RewItemCount4`, `RewRepFaction1`, `RewRepFaction2`, `RewRepFaction3`, `RewRepFaction4`, `RewRepFaction5`, `RewRepValue1`, `RewRepValue2`, `RewRepValue3`, `RewRepValue4`, `RewRepValue5`, `RewXP`, `RewOrReqMoney`, `RewMoneyMaxLevel`, `RewSpell`, `RewSpellCast`, `RewMailTemplateId`, `RewMailDelaySecs`, `RewMailMoney`, `PointMapId`, `PointX`, `PointY`, `PointOpt`, `DetailsEmote1`, `DetailsEmote2`, `DetailsEmote3`, `DetailsEmote4`, `DetailsEmoteDelay1`, `DetailsEmoteDelay2`, `DetailsEmoteDelay3`, `DetailsEmoteDelay4`, `IncompleteEmote`, `CompleteEmote`, `OfferRewardEmote1`, `OfferRewardEmote2`, `OfferRewardEmote3`, `OfferRewardEmote4`, `OfferRewardEmoteDelay1`, `OfferRewardEmoteDelay2`, `OfferRewardEmoteDelay3`, `OfferRewardEmoteDelay4`, `StartScript`, `CompleteScript`) VALUES ('51010', '0', '0', '405', '5', '0', '6', '0', '0', '0', '0', '0', '93', '3000', '0', '0', '0', '0', '0', '0', '0', '0', '51009', '51011', '0', '51011', '0', '0', '0', 'We Are Not Alone In The Grey Desert', 'The $C helped the Magram Clan many times.It can be considered as an ally and every Magram warriors should shows respect to it ! $B$B The $C saw that all our life is not about fighting. The Magram Clan has ancestors that are a part of the Clan, even if nowadays bad Centaurs are trying to resurrect the dead..\n$B$BThe Magram is also a Clan that pet Hyena, they are our sisters in this Grey Desert. They are a part of our clan and we survive together. The $C can try to understand the Magram\'s way of life, it needs to find a Young Boneclaw Hyena, they wander and sleep around the camp, trying to get some food.', 'While keeping a friendly reputation with the Magram you need to find a Young Boneclaw Hyena.', '\"The Young Hyena bark as you approach, she seems afraid of you.\"', '', '', 'Find a Young Boneclaw Hyena nearby the Magram Clan camp in Desolace.', '', '', '', '0', '0', '0', '0', '0', '0', '0', '0', '0', '0', '0', '0', '0', '0', '0', '0', '0', '0', '0', '0', '0', '0', '0', '0', '0', '0', '0', '0', '0', '0', '0', '0', '0', '0', '0', '0', '0', '0', '0', '0', '0', '0', '0', '0', '0', '0', '0', '0', '92', '93', '0', '0', '0', '-500', '500', '0', '0', '0', '950', '0', '585', '0', '0', '0', '0', '0', '0', '0', '0', '0', '0', '0', '0', '0', '0', '0', '0', '0', '0', '10', '0', '0', '0', '0', '0', '0', '0', '0', '0', '0');
INSERT INTO `reforged_mangos`.`quest_template` (`entry`, `patch`, `Method`, `ZoneOrSort`, `MinLevel`, `MaxLevel`, `QuestLevel`, `Type`, `RequiredClasses`, `RequiredRaces`, `RequiredSkill`, `RequiredSkillValue`, `RepObjectiveFaction`, `RepObjectiveValue`, `RequiredMinRepFaction`, `RequiredMinRepValue`, `RequiredMaxRepFaction`, `RequiredMaxRepValue`, `SuggestedPlayers`, `LimitTime`, `QuestFlags`, `SpecialFlags`, `PrevQuestId`, `NextQuestId`, `ExclusiveGroup`, `NextQuestInChain`, `SrcItemId`, `SrcItemCount`, `SrcSpell`, `Title`, `Details`, `Objectives`, `OfferRewardText`, `RequestItemsText`, `EndText`, `ObjectiveText1`, `ObjectiveText2`, `ObjectiveText3`, `ObjectiveText4`, `ReqItemId1`, `ReqItemId2`, `ReqItemId3`, `ReqItemId4`, `ReqItemCount1`, `ReqItemCount2`, `ReqItemCount3`, `ReqItemCount4`, `ReqSourceId1`, `ReqSourceId2`, `ReqSourceId3`, `ReqSourceId4`, `ReqSourceCount1`, `ReqSourceCount2`, `ReqSourceCount3`, `ReqSourceCount4`, `ReqCreatureOrGOId1`, `ReqCreatureOrGOId2`, `ReqCreatureOrGOId3`, `ReqCreatureOrGOId4`, `ReqCreatureOrGOCount1`, `ReqCreatureOrGOCount2`, `ReqCreatureOrGOCount3`, `ReqCreatureOrGOCount4`, `ReqSpellCast1`, `ReqSpellCast2`, `ReqSpellCast3`, `ReqSpellCast4`, `RewChoiceItemId1`, `RewChoiceItemId2`, `RewChoiceItemId3`, `RewChoiceItemId4`, `RewChoiceItemId5`, `RewChoiceItemId6`, `RewChoiceItemCount1`, `RewChoiceItemCount2`, `RewChoiceItemCount3`, `RewChoiceItemCount4`, `RewChoiceItemCount5`, `RewChoiceItemCount6`, `RewItemId1`, `RewItemId2`, `RewItemId3`, `RewItemId4`, `RewItemCount1`, `RewItemCount2`, `RewItemCount3`, `RewItemCount4`, `RewRepFaction1`, `RewRepFaction2`, `RewRepFaction3`, `RewRepFaction4`, `RewRepFaction5`, `RewRepValue1`, `RewRepValue2`, `RewRepValue3`, `RewRepValue4`, `RewRepValue5`, `RewXP`, `RewOrReqMoney`, `RewMoneyMaxLevel`, `RewSpell`, `RewSpellCast`, `RewMailTemplateId`, `RewMailDelaySecs`, `RewMailMoney`, `PointMapId`, `PointX`, `PointY`, `PointOpt`, `DetailsEmote1`, `DetailsEmote2`, `DetailsEmote3`, `DetailsEmote4`, `DetailsEmoteDelay1`, `DetailsEmoteDelay2`, `DetailsEmoteDelay3`, `DetailsEmoteDelay4`, `IncompleteEmote`, `CompleteEmote`, `OfferRewardEmote1`, `OfferRewardEmote2`, `OfferRewardEmote3`, `OfferRewardEmote4`, `OfferRewardEmoteDelay1`, `OfferRewardEmoteDelay2`, `OfferRewardEmoteDelay3`, `OfferRewardEmoteDelay4`, `StartScript`, `CompleteScript`) VALUES ('51011', '0', '0', '405', '5', '0', '6', '0', '0', '0', '0', '0', '93', '3000', '0', '0', '0', '0', '0', '0', '0', '0', '51010', '51012', '0', '51012', '0', '0', '0', 'Feed Her Before She Eats You', 'The Young Hyena seems really reluctent to let you approach her, she seems a bit too young to attack you however. \n$B$BPerhaps she wants to eat something ?', 'While keeping a friendly reputation with the Magram you need to find someone in the Magram Clan that can tell you what food to give to the Young Boneclaw Hyena.', 'Yes ? What does the $C wants from The Magram Clan ?', '\"The Young Hyena bark as you approach, she still seems afraid of you.\"', '', 'Find a someone from the Magram Clan in Desolace that can give you adivces on how to feed the hyena.', '', '', '', '0', '0', '0', '0', '0', '0', '0', '0', '0', '0', '0', '0', '0', '0', '0', '0', '0', '0', '0', '0', '0', '0', '0', '0', '0', '0', '0', '0', '0', '0', '0', '0', '0', '0', '0', '0', '0', '0', '0', '0', '0', '0', '0', '0', '0', '0', '0', '0', '92', '93', '0', '0', '0', '-500', '500', '0', '0', '0', '950', '0', '585', '0', '0', '0', '0', '0', '0', '0', '0', '0', '0', '0', '0', '0', '0', '0', '0', '0', '0', '0', '0', '0', '0', '0', '0', '0', '0', '0', '0', '0');
		--  Adding  Desolace Quest for Magram Friendly 3000 to Honored Questgivers --
INSERT INTO `reforged_mangos`.`creature_template` (`entry`, `patch`, `display_id1`, `display_id2`, `display_id3`, `display_id4`, `name`, `gossip_menu_id`, `level_min`, `level_max`, `health_min`, `health_max`, `mana_min`, `mana_max`, `armor`, `faction`, `npc_flags`, `speed_walk`, `speed_run`, `detection_range`, `call_for_help_range`, `leash_range`, `rank`, `xp_multiplier`, `dmg_min`, `dmg_max`, `dmg_school`, `attack_power`, `dmg_multiplier`, `base_attack_time`, `ranged_attack_time`, `unit_class`, `unit_flags`, `dynamic_flags`, `beast_family`, `trainer_type`, `trainer_spell`, `trainer_class`, `trainer_race`, `ranged_dmg_min`, `ranged_dmg_max`, `ranged_attack_power`, `type`, `type_flags`, `loot_id`, `pickpocket_loot_id`, `skinning_loot_id`, `holy_res`, `fire_res`, `nature_res`, `frost_res`, `shadow_res`, `arcane_res`, `spell_id1`, `spell_id2`, `spell_id3`, `spell_id4`, `spell_list_id`, `pet_spell_list_id`, `gold_min`, `gold_max`, `ai_name`, `movement_type`, `inhabit_type`, `civilian`, `racial_leader`, `regeneration`, `equipment_id`, `trainer_id`, `vendor_id`, `mechanic_immune_mask`, `school_immune_mask`, `flags_extra`, `script_name`) VALUES ('1000014', '0', '10902', '0', '0', '0', 'Young Bonepaw Hyena', '0', '1', '1', '350', '350', '0', '0', '150', '133', '2', '1.02', '1.14286', '5', '5', '0', '0', '1', '15', '18', '0', '138', '1', '2000', '2000', '1', '0', '0', '25', '0', '0', '0', '0', '12', '14', '100', '1', '1', '0', '0', '0', '0', '0', '0', '0', '0', '0', '0', '0', '0', '0', '0', '0', '0', '0', '', '1', '1', '0', '0', '3', '0', '0', '0', '0', '0', '0', '');
		--  Adding  Desolace Quest for Magram Friendly 3000 to Honored Questgivers Spawn --
INSERT INTO `reforged_mangos`.`creature` (`guid`, `id`, `id2`, `id3`, `id4`, `map`, `equipment_id`, `position_x`, `position_y`, `position_z`, `orientation`, `spawntimesecsmin`, `spawntimesecsmax`, `patch_min`, `patch_max`) VALUES ('2530606', '1000014', '0', '0', '0', '1', '0', '-1700.5', '932.354', '90.9058', '4.78387', '25', '25', '0', '10');

		--  Adding  Desolace Quest for Magram Friendly 3000 to Honored QuestsRelation and involvedrelation --
INSERT INTO `reforged_mangos`.`creature_questrelation` (`id`, `quest`, `patch_min`, `patch_max`) VALUES ('1000009', '51010', '0', '10');
INSERT INTO `reforged_mangos`.`creature_questrelation` (`id`, `quest`, `patch_min`, `patch_max`) VALUES ('1000014', '51011', '0', '10');
INSERT INTO `reforged_mangos`.`creature_involvedrelation` (`id`, `quest`, `patch_min`, `patch_max`) VALUES ('1000014', '51010', '0', '10');
INSERT INTO `reforged_mangos`.`creature_involvedrelation` (`id`, `quest`, `patch_min`, `patch_max`) VALUES ('5398', '51011', '0', '10');
INSERT INTO `reforged_mangos`.`creature_involvedrelation` (`id`, `quest`, `patch_min`, `patch_max`) VALUES ('1000008', '51011', '0', '10');
INSERT INTO `reforged_mangos`.`creature_involvedrelation` (`id`, `quest`, `patch_min`, `patch_max`) VALUES ('1000012', '51011', '0', '10');

-- FIXES BY AYOS ------------------
-- Stonetalon
-- The Lonely Mirkfallon Lake Quest text fixes
UPDATE `reforged_mangos`.`quest_template` SET `Details` = 'It\'s a pleasure to meet you $C ! This place is full of dangers but also mysteries which leads us to potential profit.$b$bAround me there are strange but rare species of wywerns and basilisks. Let me tell you that wywern theeth and black crystals from basilisks are worth their prices. I am able to pay you nicely for those parts and I will make the margin with my own skills and recipes.$b$b Fetch me 10 teeths and 4 crystals and try not to damage them badly.', `OfferRewardText` = 'Oh, you\'re back! Let me see what you got around here, I hope you did not damage them...', `RequestItemsText` = 'This place does no good to me, the air is filled with moisture. It reminded me of Menethil Harbor, but I\'m far away from home right now...' WHERE (`entry` = '51003') and (`patch` = '0');

-- Desolace
-- Tranwarg size : it was half the regular centaur size - Now he is the size of Scouts and shamans, the smallest centaurs
-- Ayos Update: creature_template no longer has a scale column, since v17 vmangos update
-- UPDATE `reforged_mangos`.`creature_template` SET `scale` = '1' WHERE (`entry` = '1000009') and (`patch` = '0');

-- Serwing the Magram quest text fix
UPDATE `reforged_mangos`.`quest_template` SET `Details` = 'Our clan heard everything that happend. It seems that a $C can be usefull to many. The quartermaster wants to speak and he offers many to those who are strongest. He is close to the Khan Tent, on the center of our village.', `Objectives` = 'Keep a neutral reputation with the Magram, then speak with Tranwarg the quartermaster.', `OfferRewardText` = 'The Magram clan heard many rumors about a $C. Does Warug sent us someone worthy?', `RequestItemsText` = 'The Magram clan heard many rumors from a $C. Does the $C is strong enough to win more treasure and learn the skills of our tribe? The Magram Clan and the Theradras, our mother see what one $C can achieve.' WHERE (`entry` = '51005') and (`patch` = '0');

-- Young hyena size increased from 0.2 to 0.35
-- Ayos Update: creature_template no longer has a scale column, since v17 vmangos update
-- UPDATE `reforged_mangos`.`creature_template` SET `scale` = '0.35' WHERE (`entry` = '1000014') and (`patch` = '0');

-- Everything can feed a Centaur texts
UPDATE `reforged_mangos`.`quest_template` SET `Details` = 'The $C needs to do a simple task for the Clan. The Magram Clan hunt a lot, but our hunters are killers. But killing don\'t give food, only when the Clan can take what enemies carry with them. The Clan don\'t ask the $C to take from his own Clan. $B$B But he can take from the creatures that kill our hyenas : the scorpashis. They have tender meat under their belly. The Clan needs many of it.', `Objectives` = 'While keeping a friendly reputation with the Magram you need to take scorpashis\' meat from their corpse, and then bring them to Tranwarg the Magram quartermaster.', `OfferRewardText` = 'The Magram Clan heard many rumors about a $C. But the Magram only respect true strenght.', `RequestItemsText` = 'The $C returns, but does it has what the Clan must have?' WHERE (`entry` = '51006') and (`patch` = '0');
-- Strength above magic texts
UPDATE `reforged_mangos`.`quest_template` SET `Title` = 'Strength Above Magic ', `Details` = 'The Gelkis are cunning, they use tricks and magic against the Magram Clan. This is because the Gelkis are weak! But we know how to counter them: the demon\'s pet drains magic force and the Magram Clan knows that the horns are doing this.$B$B The $C must take three times the fingers in horns. With them the Magram Clan smashs the Gelkis!', `Objectives` = 'While keeping a friendly reputation with the Magram, you need to take 15 horns from Fel Hunters, and then bring them to Tranwarg the Magram quartermaster.', `OfferRewardText` = 'The Magram Clan smashes the Gelkis, but magic kill many of the Magram. It can not go that way.', `RequestItemsText` = 'The $C returns, but does it has what the Clan must have?' WHERE (`entry` = '51007') and (`patch` = '0');
-- A Compromised Departure texts and removed the gift item from the quest requirements because players cant get it now
UPDATE `reforged_mangos`.`quest_template` SET `Details` = 'The $C helped the Magram Clan. But our life is not always about fighting. The Magram has built itself on the idea of Magram the third son. His ghost belong in Maraudon but Magram had a son, Khiron. The $C will  bring him the Magram\'s respect and a gift that the $C needs to trade with him. The $C must go and learn. The path to him if full of necromancers. They are an insult to the clan, kill them.', `OfferRewardText` = 'Khiron sees power in the $C, why does it came to talk with a ghost from the past?', `RequestItemsText` = 'The $C have a task, does not? The necromancers here are disturbing this land and our ancestors, bring the Magram Ghosts a bit of peace and we will talk.' WHERE (`entry` = '51009') and (`patch` = '0');
UPDATE `reforged_mangos`.`quest_template` SET `ReqItemId1` = '0', `ReqItemCount1` = '0' WHERE (`entry` = '51009') and (`patch` = '0');
-- Everyone has to help texts and bugged item - gave it spirit instead of mana
UPDATE `reforged_mangos`.`item_template` SET `stat_type3` = '6', `stat_value3` = '2' WHERE (`entry` = '50033') and (`patch` = '0');
UPDATE `reforged_mangos`.`quest_template` SET `Details` = 'The Magram clan knows that the $C can help. Now that the $C has proven its strenght, it needs to prove that it can help all the clan. There is not so much creatures here, not so much materials to do with. But we know that the carrion birds have large feathers. The clan must have some to craft mighty and powerfull things. The $C brings us some. It must go now.', `Objectives` = 'You need to collect dried feathers from dead carriond birds that lives in Desolace. Then bring 10 of them to the Magram leatherworker.', `OfferRewardText` = 'The Magram clan heard many rumors about the $C, are they true?', `RequestItemsText` = 'The clan once saw big birds in the blue, up to our head. They were in gold and with the color of our rocks. One can wonder where they came from and what the clan can do with their feathers...' WHERE (`entry` = '51008') and (`patch` = '0');
-- Serving the Gelkis texts
UPDATE `reforged_mangos`.`quest_template` SET `Details` = 'The $C seems to be a powerfull ally, the Gelkis wants it to help the Clan as much as it can. $B$BThe $C must seek the Gelkis Quartermaster in our lair. She will have many tasks for the $C.', `Objectives` = 'Maintain your neutral reputation with the Gelkis, and speak to Tatihek The Quartermaster in the Gelkis Village in Desolace.', `OfferRewardText` = 'The Clan heard rumors from a $C. Will it help?' WHERE (`entry` = '51018') and (`patch` = '0');
-- Cloth for the Gelkis
UPDATE `reforged_mangos`.`quest_template` SET `Details` = 'The Gelkis Clan does want to create more tents and making powerful pieces of equipment. Also the demons at the Mannoroc Coven are shaping the earth in a way that the Gelkis shamans can not succeed in communicating with the elements.$B$BThe $C will slain those demons and take their Demonic Cloth Piece, The Gelkis Clan knows a way to purify it. May the $C serve the Clan well and be rewarded for it.', `OfferRewardText` = 'The $C did a good thing for the Gelkis. Our magic is unstable because sometimes the earth does not want to follow the Gelkis Clan\'s will. Perhaps the Clan will craft something to the $C.', `RequestItemsText` = 'The $C has the cloth? This is the only way to proove that it killed the Demons.' WHERE (`entry` = '51019') and (`patch` = '0');
-- The other kind of Power
UPDATE `reforged_mangos`.`quest_template` SET `Title` = 'An Other Kind Of Powder', `Details` = 'The bones from the old kodos are important in the Gelkis ritual. But sometimes they go away by the wind too fast and the powder is filled with dust. Nothing good for the Clan then.$B$BBut the Gelkis Shamans found out that the one footed creatures from the salted water have a skin that can be useful. When it is bigger the skin is more heavy.$B$BThe $C will slain those one footed creatures that live where no Gelkis will go. The Gelkis Clan knows a way to make the skin in a useful powder. The $C serves the Clan well, it must follow that way.', `Objectives` = 'Maintain your friendly reputation with the Gelkis, and bring 8 Naga Heavy Scale to Tatihek The Quartermaster in the Gelkis Village in Desolace.', `OfferRewardText` = 'The $C did a good thing for the Gelkis. New magic is possible with new materials for the Gelkis Shamans.', `RequestItemsText` = 'The $C has the scales? It must not bring to the Gelkis Clan scale that came not from this land, their properties are not the same.' WHERE (`entry` = '51020') and (`patch` = '0');
-- Death to the Magram Hyenas
UPDATE `reforged_mangos`.`quest_template` SET `Details` = 'The Magram Clan is stupid, even if it is not the weakest it will never rule this land.\r $B$BThe Magram Clan choose a different path from us, the Gelkis Clan trust the earth but the Magram only rely on force, brutality. The Magram also have beasts with them, full of chips and critters that have disease. The $C will put some deadly meats where the hyenas live, the hyenas will eat it and then spread a new disease on all Magram Clan hyenas.$B$BThe $C must find a pile of dirt, it is where the hyenas hide their meat.', `Objectives` = 'Maintain your friendly reputation with the Gelkis Clan and head out to the center of Desolace where you could find a Pile of Dirt and then put meats in 3 piles.' WHERE (`entry` = '51021') and (`patch` = '0');
-- Since there are bugged quests, I'll make it unable to pick up for now, until fixed: Quest ids: 51019,51021,51010,51011
DELETE FROM `reforged_mangos`.`creature_questrelation` WHERE (`id` = '1000010') and (`quest` = '51019');
DELETE FROM `reforged_mangos`.`creature_questrelation` WHERE (`id` = '1000010') and (`quest` = '51021');
DELETE FROM `reforged_mangos`.`creature_questrelation` WHERE (`id` = '1000009') and (`quest` = '51010');
DELETE FROM `reforged_mangos`.`creature_questrelation` WHERE (`id` = '1000014') and (`quest` = '51011');
DELETE FROM `reforged_mangos`.`creature_involvedrelation` WHERE (`id` = '1000014') and (`quest` = '51010');

-- -------------------------------------------------------------------- -------------------------------------
-- News changes for the 1/03/2020 --
-- Little change to avoid error message --
UPDATE `reforged_mangos`.`quest_template` SET `NextQuestInChain` = '0' WHERE (`entry` = '51001') and (`patch` = '0');
UPDATE `reforged_mangos`.`creature_template` SET `gossip_menu_id` = '0', `trainer_id` = '0' WHERE (`entry` = '1000008') and (`patch` = '0');
UPDATE `reforged_mangos`.`creature_template` SET `npc_flags` = '2', `vendor_id` = '0' WHERE (`entry` = '1000010') and (`patch` = '0');
DELETE FROM `reforged_mangos`.`npc_vendor_template` WHERE (`entry` = '2000001') and (`item` = '5565');


INSERT INTO `reforged_mangos`.`creature_questrelation` (`id`, `quest`, `patch_min`, `patch_max`) VALUES ('1000010', '51019', '0', '10');
INSERT INTO `reforged_mangos`.`creature_questrelation` (`id`, `quest`, `patch_min`, `patch_max`) VALUES ('1000010', '51021', '0', '10');
INSERT INTO `reforged_mangos`.`creature_questrelation` (`id`, `quest`, `patch_min`, `patch_max`) VALUES ('1000009', '51010', '0', '10');
INSERT INTO `reforged_mangos`.`creature_questrelation` (`id`, `quest`, `patch_min`, `patch_max`) VALUES ('1000014', '51011', '0', '10');
INSERT INTO `reforged_mangos`.`creature_involvedrelation` (`id`, `quest`, `patch_min`, `patch_max`) VALUES ('1000014', '51010', '0', '10');
INSERT INTO `reforged_mangos`.`creature_questrelation` (`id`, `quest`, `patch_min`, `patch_max`) VALUES ('1000013', '51011', '0', '10');

-- Those mobs are spirit of kodo, looting gold is a non sens--
UPDATE `reforged_mangos`.`creature_template` SET `gold_min` = '0', `gold_max` = '0' WHERE (`entry` = '11521') and (`patch` = '0');
-- MAGRAM SIDE FIXES --
-- Tranwarg NPC changes flag and faction --
UPDATE `reforged_mangos`.`creature_template` SET `faction` = '133', `npc_flags` = '2' WHERE (`entry` = '1000009') and (`patch` = '0');
-- Orthan NPC flag change --
UPDATE `reforged_mangos`.`creature_template` SET `npc_flags` = '2' WHERE (`entry` = '1000008') and (`patch` = '0');

-- Magram reputation change they attack every hostile creature --
UPDATE `reforged_mangos`.`faction_template` SET `our_mask` = '0', `hostile_mask` = '12', `enemy_faction1` = '132', `enemy_faction2` = '130', `enemy_faction3` = '131', `friend_faction1` = '0' WHERE (`id` = '133') and (`build` = '4222');

-- First Quest in Magram Side lead to Assault on kolkar which lead to Proving your strenght --
UPDATE `reforged_mangos`.`quest_template` SET `NextQuestId` = '1386', `NextQuestInChain` = '1386' WHERE (`entry` = '1385') and (`patch` = '0');
UPDATE `reforged_mangos`.`quest_template` SET `NextQuestId` = '1386', `NextQuestInChain` = '1386' WHERE (`entry` = '1367') and (`patch` = '0');
-- Reduced how much mobs you need to kill to complete Quest 1386 : Assault On Kolkar --
UPDATE `reforged_mangos`.`quest_template` SET `Objectives` = 'Maintain your reputation with the Magram. Kill 5 Kolkar Centaurs, 5 Kolkar Scouts and 3 Kolkar Maulers, then return to Warug in the Magram Village in Desolace.', `ReqCreatureOrGOCount1` = '5', `ReqCreatureOrGOCount2` = '5', `ReqCreatureOrGOCount3` = '3' WHERE (`entry` = '1386') and (`patch` = '0');
-- Quest 51007 : Strenght Above Magic setting Quest Level correctly and reducing the difficulty
UPDATE `reforged_mangos`.`quest_template` SET `QuestLevel` = '6', `Objectives` = 'While keeping a friendly reputation with the Magram, you need to take 10 horns from Fel Hunters, and then bring them to Tranwarg the Magram quartermaster.', `ReqItemCount1` = '10' WHERE (`entry` = '51007') and (`patch` = '0');
-- Khiron telling you when you complete the quest to go back to your quest giver in the Camp (the player will need to read in order to understand what to do) --
UPDATE `reforged_mangos`.`quest_template` SET `OfferRewardText` = 'Khiron sees power in the $C, why does it came to talk with a ghost from the past ? The $C must go back to the one that sent it to Khiron.', `RequestItemsText` = 'The $C have a task, does it ? The necromancers here are disturbing this land and our ancestors, bring the Magram Ghosts a bit of peace and we will talk.' WHERE (`entry` = '51009') and (`patch` = '0');
-- Telling the player that the quest can be taken but is not finished in order too tell them that they can't go further--
UPDATE `reforged_mangos`.`quest_template` SET `Title` = 'Feed Her Before She Eats You - Quest No Yet Finished -' WHERE (`entry` = '51011') and (`patch` = '0');
    -- Magram side Questorder changed --
UPDATE `reforged_mangos`.`quest_template` SET `PrevQuestId` = '51004' WHERE (`entry` = '51005') and (`patch` = '0');
UPDATE `reforged_mangos`.`quest_template` SET `NextQuestId` = '51005', `NextQuestInChain` = '51005' WHERE (`entry` = '51004') and (`patch` = '0');

		-- Small uptade on 51009 --
UPDATE `reforged_mangos`.`quest_template` SET `Objectives` = 'While keeping a friendly reputation with the Magram you need to meet Khiron in the Valley of Bones while killing 3 Outcast Necromancers.', `ReqCreatureOrGOCount1` = '3' WHERE (`entry` = '51009') and (`patch` = '0');
		-- correcting the blue marked quests --
UPDATE `reforged_mangos`.`quest_template` SET `Method` = '2' WHERE (`entry` = '51010') and (`patch` = '0');
UPDATE `reforged_mangos`.`quest_template` SET `Method` = '2' WHERE (`entry` = '51011') and (`patch` = '0');

-- GELKIS SIDE FIXES --
-- First Quest 1384 : Raid on the Kolkar lead correctly too the 2nd Quest--
UPDATE `reforged_mangos`.`quest_template` SET `NextQuestId` = '1384', `NextQuestInChain` = '0' WHERE (`entry` = '1382') and (`patch` = '0');
UPDATE `reforged_mangos`.`quest_template` SET `RepObjectiveFaction` = '0' WHERE (`entry` = '1384') and (`patch` = '0');
UPDATE `reforged_mangos`.`quest_template` SET `PrevQuestId` = '0', `NextQuestId` = '51017', `NextQuestInChain` = '51017', `RewXP` = '2050' WHERE (`entry` = '1384') and (`patch` = '0');
-- Fixe 1 meat required to complete Death to the Magram Hyena and giving back the questitem in completing the quest -- 
UPDATE `reforged_mangos`.`quest_template` SET `Details` = 'The Magram Clan is stupid, even if it is not the weakest it will never rule this land.$B$B\r The Magram Clan choose a different path from us, the Gelkis Clan trust the earth but the Magram only rely on force, brutality. The Magram also have beasts with them, full of chips and critters that have disease. The $C will put some deadly meats where the hyenas use to eat, the hyenas will eat the meats and then spread a new disease on all Magram Clan hyenas.$B$BThe $C must find a fresh carcass, it is where the hyenas will eat.', `Objectives` = 'Maintain your friendly reputation with the Gelkis Clan and head out to the center of Desolace where you could find a Pile of Dirt and then put the meat.', `ObjectiveText1` = 'Poisoned Meat in place', `ReqCreatureOrGOCount1` = '1', `RewXP` = '1950', `RewMoneyMaxLevel` = '1290' WHERE (`entry` = '51021') and (`patch` = '0');
UPDATE `reforged_mangos`.`quest_template` SET `ReqItemId1` = '50040', `ReqItemCount1` = '1' WHERE (`entry` = '51021') and (`patch` = '0');
-- Little text change on 51022 and decreased more the reputation with the Magram --
UPDATE `reforged_mangos`.`quest_template` SET `Details` = 'The $C did well. For now Tatihek has no task to give, but Tatihek heard that Uthek The Wise was seeking someone . The $C must talk to him. ' WHERE (`entry` = '51022') and (`patch` = '0');
UPDATE `reforged_mangos`.`quest_template` SET `RewRepValue2` = '-1000' WHERE (`entry` = '13') and (`patch` = '0');
-- Gameobject quest 51021 change into carcass --
UPDATE `reforged_mangos`.`item_template` SET `spellid_1` = '0' WHERE (`entry` = '50040') and (`patch` = '0');
DELETE FROM `reforged_mangos`.`gameobject_template` WHERE (`entry` = '4000005') and (`patch` = '0');
INSERT INTO `reforged_mangos`.`gameobject_template` (`entry`, `patch`, `type`, `displayId`, `name`, `faction`, `flags`, `size`, `data0`, `data1`, `data2`, `data3`, `data4`, `data5`, `data6`, `data7`, `data8`, `data9`, `data10`, `data11`, `data12`, `data13`, `data14`, `data15`, `data16`, `data17`, `data18`, `data19`, `data20`, `data21`, `data22`, `data23`, `mingold`, `maxgold`, `script_name`) VALUES ('4000005', '0', '10', '14', 'Dead Kodo Carcass', '0', '4', '0.5', '43', '51021', '0', '0', '0', '0', '6000', '0', '0', '0', '0', '0', '0', '0', '0', '0', '0', '0', '0', '0', '0', '0', '0', '0', '0', '0', '');
	--  questtext 51019 change about creatures to kill location in Sargeron --
UPDATE `reforged_mangos`.`quest_template` SET `Details` = 'The Gelkis Clan does want to create more tents and making powerful pieces of equipment. Also the Demons established at Sargeron, on the Nord-East of this land, are shaping the earth in a way that the Gelkis shamans can not succeed in communicating with the elements.$B$BThe $C will slain those demons and take their Demonic Cloth Piece, The Gelkis Clan knows a way to purify it. May the $C serve the Clan well and be rewarded for it.', `Objectives` = 'Maintain your reputation with the Gelkis, and bring 20 Demonic Cloth Piece from Satyrs in Sargeron to Tatihek The Quartermaster in the Gelkis Village in Desolace.', `RewXP` = '2250' WHERE (`entry` = '51019') and (`patch` = '0');
	-- quest text 1373 minor change --
UPDATE `reforged_mangos`.`quest_template` SET `OfferRewardText` = 'Yes, this is the shard of which the earth whispered. Uthek can feel strong magic in it! He will use this magic against the enemies of the Gelkis.$B$BThe $C have done one more task for the Gelkis Clan. The Gelkis Clan call it friend.' WHERE (`entry` = '1373') and (`patch` = '0');
	-- add It is always about strenght quest --
INSERT INTO `reforged_mangos`.`quest_template` (`entry`, `patch`, `Method`, `ZoneOrSort`, `MinLevel`, `MaxLevel`, `QuestLevel`, `Type`, `RequiredClasses`, `RequiredRaces`, `RequiredSkill`, `RequiredSkillValue`, `RepObjectiveFaction`, `RepObjectiveValue`, `RequiredMinRepFaction`, `RequiredMinRepValue`, `RequiredMaxRepFaction`, `RequiredMaxRepValue`, `SuggestedPlayers`, `LimitTime`, `QuestFlags`, `SpecialFlags`, `PrevQuestId`, `NextQuestId`, `ExclusiveGroup`, `NextQuestInChain`, `SrcItemId`, `SrcItemCount`, `SrcSpell`, `Title`, `Details`, `Objectives`, `OfferRewardText`, `RequestItemsText`, `EndText`, `ObjectiveText1`, `ObjectiveText2`, `ObjectiveText3`, `ObjectiveText4`, `ReqItemId1`, `ReqItemId2`, `ReqItemId3`, `ReqItemId4`, `ReqItemCount1`, `ReqItemCount2`, `ReqItemCount3`, `ReqItemCount4`, `ReqSourceId1`, `ReqSourceId2`, `ReqSourceId3`, `ReqSourceId4`, `ReqSourceCount1`, `ReqSourceCount2`, `ReqSourceCount3`, `ReqSourceCount4`, `ReqCreatureOrGOId1`, `ReqCreatureOrGOId2`, `ReqCreatureOrGOId3`, `ReqCreatureOrGOId4`, `ReqCreatureOrGOCount1`, `ReqCreatureOrGOCount2`, `ReqCreatureOrGOCount3`, `ReqCreatureOrGOCount4`, `ReqSpellCast1`, `ReqSpellCast2`, `ReqSpellCast3`, `ReqSpellCast4`, `RewChoiceItemId1`, `RewChoiceItemId2`, `RewChoiceItemId3`, `RewChoiceItemId4`, `RewChoiceItemId5`, `RewChoiceItemId6`, `RewChoiceItemCount1`, `RewChoiceItemCount2`, `RewChoiceItemCount3`, `RewChoiceItemCount4`, `RewChoiceItemCount5`, `RewChoiceItemCount6`, `RewItemId1`, `RewItemId2`, `RewItemId3`, `RewItemId4`, `RewItemCount1`, `RewItemCount2`, `RewItemCount3`, `RewItemCount4`, `RewRepFaction1`, `RewRepFaction2`, `RewRepFaction3`, `RewRepFaction4`, `RewRepFaction5`, `RewRepValue1`, `RewRepValue2`, `RewRepValue3`, `RewRepValue4`, `RewRepValue5`, `RewXP`, `RewOrReqMoney`, `RewMoneyMaxLevel`, `RewSpell`, `RewSpellCast`, `RewMailTemplateId`, `RewMailDelaySecs`, `RewMailMoney`, `PointMapId`, `PointX`, `PointY`, `PointOpt`, `DetailsEmote1`, `DetailsEmote2`, `DetailsEmote3`, `DetailsEmote4`, `DetailsEmoteDelay1`, `DetailsEmoteDelay2`, `DetailsEmoteDelay3`, `DetailsEmoteDelay4`, `IncompleteEmote`, `CompleteEmote`, `OfferRewardEmote1`, `OfferRewardEmote2`, `OfferRewardEmote3`, `OfferRewardEmote4`, `OfferRewardEmoteDelay1`, `OfferRewardEmoteDelay2`, `OfferRewardEmoteDelay3`, `OfferRewardEmoteDelay4`, `StartScript`, `CompleteScript`) VALUES ('51004', '0', '2', '405', '5', '0', '5', '0', '0', '0', '0', '0', '93', '0', '0', '0', '0', '0', '0', '0', '8', '0', '0', '51004', '0', '51004', '0', '0', '0', 'It is Always About Strenght', 'The $C wants to join the Magram Clan ? Then it must show it\'s strenght ! $B$BTo do so, the $C must head to the Thunder Axe Forteress, here the Burning Blade fools are thinking they can establish a base ! The Magram fought for centuries on this land, they know the art of war better than anyone. The $C will crush them, bring to Warug their insignia and then we will discuss.', 'Keep a neutral reputation with the Magram, fetch 15 burning blade insignia on the Thunder Axe Fortress members and then speak to Warug.', 'The Magram clan heard rumors on the $C. Does Warug find someone worthy?', 'Does the $C is strong enough to win more treasure and learn the skills of our tribe? ', '', '', '', '', '', '50031', '0', '0', '0', '15', '0', '0', '0', '0', '0', '0', '0', '0', '0', '0', '0', '0', '0', '0', '0', '0', '0', '0', '0', '0', '0', '0', '0', '0', '0', '0', '0', '0', '0', '0', '0', '0', '0', '0', '0', '0', '0', '0', '0', '0', '0', '0', '0', '92', '93', '0', '0', '0', '-500', '500', '0', '0', '0', '1850', '0', '1250', '0', '0', '0', '0', '0', '0', '0', '0', '0', '0', '0', '0', '0', '0', '0', '0', '0', '0', '1', '0', '0', '0', '0', '0', '0', '0', '0', '0', '0');
-- Reputation change attack all hostile mobs--
UPDATE `reforged_mangos`.`faction_template` SET `hostile_mask` = '12', `enemy_faction1` = '93' WHERE (`id` = '132') and (`build` = '4222');